id,timestamp,site_id,synth_point_id,lat,lon,pred_density
rec_8204,2025-10-28T00:00:00Z,line65_ord11201,line65_ord11201_p0,20.49313683,-103.2302247,0.2682391512927199
rec_34260,2025-10-28T00:00:00Z,line119_ord6575,line119_ord6575_p0,25.82303349,-108.5499202,0.2720311899151432
rec_6114,2025-10-26T00:00:00Z,line65_ord6469,line65_ord6469_p0,20.40464839,-103.0549353,0.2699537320629512
rec_10952,2025-11-01T00:00:00Z,line102_ord3857,line102_ord3857_p0,27.61962209,-107.8185557,0.2695358905518407
rec_31152,2025-11-01T00:00:00Z,line1_ord34868,line1_ord34868_p0,21.61990617,-102.2643248,0.268289626968976
rec_22479,2025-10-31T00:00:00Z,line119_ord13899,line119_ord13899_p0,20.83957893,-103.7353997,0.2680283888382438
rec_2325,2025-10-29T00:00:00Z,line17_ord6031,line17_ord6031_p0,20.79828633,-100.3874239,0.2699438119662232
rec_4441,2025-10-25T00:00:00Z,line1_ord1204,line1_ord1204_p0,20.53269419,-101.0895864,0.2679505302976162
rec_24737,2025-10-25T00:00:00Z,line38_ord19638,line38_ord19638_p0,18.54107365,-97.48192715,0.2720847815456403
rec_24325,2025-10-29T00:00:00Z,line102_ord11259,line102_ord11259_p0,28.12194464,-107.4639165,0.2738365479719089
rec_16343,2025-10-31T00:00:00Z,line119_ord7535,line119_ord7535_p0,30.56700899,-111.0892545,0.2707736478959119
rec_19276,2025-10-28T00:00:00Z,line119_ord7600,line119_ord7600_p0,27.86046212,-110.476882,0.2712325227180041
rec_24096,2025-11-01T00:00:00Z,line43_ord3377,line43_ord3377_p0,25.90314528,-97.67770389,0.2682155930658824
rec_13641,2025-10-25T00:00:00Z,line1_ord1549,line1_ord1549_p0,23.66257866,-102.683,0.2680829507320177
rec_19905,2025-10-25T00:00:00Z,line65_ord37112,line65_ord37112_p0,19.60970619,-103.4188887,0.2737669756683246
rec_5697,2025-10-25T00:00:00Z,line1_ord10778,line1_ord10778_p0,28.38631872,-105.8764346,0.2717998542723328
rec_1186,2025-10-26T00:00:00Z,line140_ord1122,line140_ord1122_p0,19.55242027,-99.18788309,0.276812006336665
rec_6741,2025-10-29T00:00:00Z,line44_ord15001,line44_ord15001_p0,17.56527296,-92.93815443,0.2696889640530566
rec_6673,2025-10-25T00:00:00Z,line45_ord1280,line45_ord1280_p0,20.87860257,-88.45226091,0.270158867890824
rec_25100,2025-10-28T00:00:00Z,line76_ord9197,line76_ord9197_p0,22.22352108,-98.40314098,0.2727214960836417
rec_30875,2025-10-27T00:00:00Z,line119_ord2898,line119_ord2898_p0,23.62271926,-106.7392949,0.2702831224396294
rec_34451,2025-10-27T00:00:00Z,line116_ord1245,line116_ord1245_p0,19.5461877,-99.05183947,0.2703556269871559
rec_20197,2025-10-29T00:00:00Z,line60_ord4299,line60_ord4299_p0,19.79087686,-98.58632072,0.2753600121037793
rec_4133,2025-10-29T00:00:00Z,line82_ord4355,line82_ord4355_p0,22.39282992,-97.93038213,0.2679066820635425
rec_31289,2025-10-25T00:00:00Z,line108_ord19697,line108_ord19697_p0,26.7840633,-104.226096,0.271524805520094
rec_29021,2025-10-29T00:00:00Z,line53_ord4043,line53_ord4043_p0,19.06884717,-96.16160822,0.2699041318441029
rec_28763,2025-10-27T00:00:00Z,line139_ord8564,line139_ord8564_p0,19.38184839,-96.74578753,0.273428058097354
rec_7145,2025-10-25T00:00:00Z,line139_ord1737,line139_ord1737_p0,19.43827765,-97.56294574,0.2707871756061257
rec_2917,2025-10-29T00:00:00Z,line33_ord7251,line33_ord7251_p0,23.68362423,-103.280313,0.2718604338769477
rec_19794,2025-10-26T00:00:00Z,line1_ord27474,line1_ord27474_p0,29.74714207,-106.3783928,0.26856710222823
rec_7659,2025-10-27T00:00:00Z,line102_ord14968,line102_ord14968_p0,28.46963044,-106.4637298,0.2703923586738818
rec_22798,2025-10-30T00:00:00Z,line87_ord3913,line87_ord3913_p0,19.78561492,-99.18658038,0.271317414562493
rec_10625,2025-10-25T00:00:00Z,line1_ord41005,line1_ord41005_p0,23.46517847,-102.7813769,0.2686780100836871
rec_26383,2025-10-31T00:00:00Z,line45_ord2357,line45_ord2357_p0,20.98221445,-89.490451,0.2710300057732111
rec_31648,2025-11-01T00:00:00Z,line13_ord30403,line13_ord30403_p0,27.16590641,-100.2920931,0.2732889524387884
rec_10306,2025-10-26T00:00:00Z,line13_ord253,line13_ord253_p0,27.48157183,-99.6235794,0.2720713140836011
rec_3937,2025-10-25T00:00:00Z,line88_ord8596,line88_ord8596_p0,19.30899828,-101.889169,0.2721004063156705
rec_14619,2025-10-27T00:00:00Z,line76_ord4371,line76_ord4371_p0,22.17706561,-98.63147629,0.2732268165850631
rec_30975,2025-10-31T00:00:00Z,line119_ord206,line119_ord206_p0,25.46065523,-108.089357,0.269842551669812
rec_554,2025-10-26T00:00:00Z,line13_ord0,line13_ord0_p0,19.50230718,-99.17504287,0.274334596892193
rec_35013,2025-10-29T00:00:00Z,line115_ord7497,line115_ord7497_p0,19.14257688,-98.22102316,0.271362929930297
rec_38722,2025-10-26T00:00:00Z,line44_ord3980,line44_ord3980_p0,17.64052329,-92.1898816,0.2689530211999994
rec_8101,2025-10-29T00:00:00Z,line82_ord9287,line82_ord9287_p0,23.44069361,-98.83515731,0.269017462076109
rec_72,2025-11-01T00:00:00Z,line85_ord0,line85_ord0_p0,19.2952454,-99.39974161,0.2698870166419457
rec_15840,2025-11-01T00:00:00Z,line44_ord20029,line44_ord20029_p0,20.52554305,-90.01430948,0.2686841952075683
rec_36916,2025-10-28T00:00:00Z,line119_ord1802,line119_ord1802_p0,23.83485825,-106.8874333,0.268473647941283
rec_30961,2025-10-25T00:00:00Z,line52_ord60,line52_ord60_p0,18.16115996,-96.09390941,0.2683965472689689
rec_25543,2025-10-31T00:00:00Z,line13_ord4418,line13_ord4418_p0,22.01210263,-100.8954846,0.2694226508174913
rec_18821,2025-10-29T00:00:00Z,line93_ord2612,line93_ord2612_p0,18.90912815,-102.1009424,0.2706229542661791
rec_4602,2025-10-26T00:00:00Z,line13_ord2067,line13_ord2067_p0,25.60817855,-100.9060737,0.271109065466327
rec_16286,2025-10-30T00:00:00Z,line93_ord7780,line93_ord7780_p0,18.16350369,-102.1637365,0.2706950472709607
rec_25243,2025-10-27T00:00:00Z,line82_ord1623,line82_ord1623_p0,24.17510335,-99.22221527,0.2695827431827836
rec_37006,2025-10-30T00:00:00Z,line44_ord4841,line44_ord4841_p0,17.6382299,-92.15035088,0.2724827073912288
rec_7243,2025-10-27T00:00:00Z,line119_ord23502,line119_ord23502_p0,29.23760244,-110.8881578,0.2700182543382084
rec_33323,2025-10-27T00:00:00Z,line44_ord9671,line44_ord9671_p0,17.45729379,-91.60469261,0.2692198867940618
rec_30195,2025-10-27T00:00:00Z,line38_ord7966,line38_ord7966_p0,18.19466618,-97.15942494,0.2695712193445701
rec_15733,2025-10-29T00:00:00Z,line76_ord883,line76_ord883_p0,22.23423951,-97.8383536,0.2711311900063571
rec_4024,2025-11-01T00:00:00Z,line119_ord9163,line119_ord9163_p0,22.12304151,-105.2177371,0.2693875805316725
rec_14712,2025-11-01T00:00:00Z,line18_ord1824,line18_ord1824_p0,20.84867872,-100.8129971,0.2686394743905023
rec_8273,2025-10-25T00:00:00Z,line58_ord2567,line58_ord2567_p0,19.69243868,-99.09322294,0.2692243319019292
rec_17997,2025-10-29T00:00:00Z,line139_ord17860,line139_ord17860_p0,19.3570617,-97.86249471,0.2678513846695179
rec_950,2025-10-30T00:00:00Z,line149_ord0,line149_ord0_p0,19.67073979,-98.84668749,0.2680399209601677
rec_6669,2025-10-29T00:00:00Z,line44_ord4174,line44_ord4174_p0,17.59598071,-92.60829161,0.2731986311994603
rec_29896,2025-11-01T00:00:00Z,line44_ord6381,line44_ord6381_p0,17.88161365,-94.11786798,0.2679506091843731
rec_17903,2025-10-31T00:00:00Z,line44_ord9071,line44_ord9071_p0,17.45167076,-91.62855756,0.2740006889988317
rec_34412,2025-10-28T00:00:00Z,line33_ord18658,line33_ord18658_p0,23.53775108,-103.7660481,0.2693039452619288
rec_28378,2025-10-26T00:00:00Z,line44_ord4153,line44_ord4153_p0,17.91866532,-94.20764209,0.2694180086153664
rec_8019,2025-10-27T00:00:00Z,line1_ord583,line1_ord583_p0,23.62388787,-102.7005549,0.2712710180823299
rec_26962,2025-10-26T00:00:00Z,line88_ord16415,line88_ord16415_p0,19.73654584,-101.1203375,0.2708496582871855
rec_26327,2025-10-31T00:00:00Z,line139_ord385,line139_ord385_p0,19.63851991,-98.53851058,0.2678005908989996
rec_35714,2025-10-26T00:00:00Z,line82_ord5806,line82_ord5806_p0,23.29294777,-98.79853885,0.2706091156146469
rec_10416,2025-11-01T00:00:00Z,line76_ord6037,line76_ord6037_p0,22.19322046,-98.5525046,0.2708522444057699
rec_21249,2025-10-25T00:00:00Z,line73_ord2690,line73_ord2690_p0,20.37330462,-99.96531083,0.2741635002528544
rec_24979,2025-10-27T00:00:00Z,line119_ord42408,line119_ord42408_p0,21.04699699,-104.3658223,0.2728952641695447
rec_22038,2025-10-30T00:00:00Z,line44_ord43713,line44_ord43713_p0,18.9819378,-90.57672332,0.2709913963439147
rec_36890,2025-10-26T00:00:00Z,line74_ord7481,line74_ord7481_p0,16.46917885,-94.83208548,0.2707020793684205
rec_32848,2025-11-01T00:00:00Z,line102_ord846,line102_ord846_p0,28.46940757,-107.3596084,0.2720468813635349
rec_30473,2025-10-25T00:00:00Z,line82_ord14774,line82_ord14774_p0,23.64054175,-98.98114949,0.2679408122676956
rec_21571,2025-10-27T00:00:00Z,line68_ord16933,line68_ord16933_p0,19.7694425,-101.7600156,0.2680264343868812
rec_24744,2025-11-01T00:00:00Z,line38_ord19638,line38_ord19638_p0,18.54107365,-97.48192715,0.2695489483157938
rec_33975,2025-10-31T00:00:00Z,line119_ord8226,line119_ord8226_p0,26.41972757,-109.0209961,0.2684182708370259
rec_39026,2025-10-26T00:00:00Z,line138_ord3948,line138_ord3948_p0,32.44547147,-116.8911133,0.2685151099815964
rec_32923,2025-10-27T00:00:00Z,line43_ord9972,line43_ord9972_p0,26.27165778,-98.83114123,0.2705178932229197
rec_38433,2025-10-25T00:00:00Z,line76_ord5461,line76_ord5461_p0,22.36156711,-100.8051171,0.2689413463022111
rec_3730,2025-10-26T00:00:00Z,line119_ord6576,line119_ord6576_p0,29.93087916,-110.9816869,0.26820967418942
rec_32927,2025-10-31T00:00:00Z,line43_ord9972,line43_ord9972_p0,26.27165778,-98.83114123,0.2738617215234052
rec_37539,2025-10-27T00:00:00Z,line65_ord7191,line65_ord7191_p0,20.33914001,-102.6062761,0.2731493389406778
rec_10433,2025-10-25T00:00:00Z,line28_ord22132,line28_ord22132_p0,24.74783391,-103.8314638,0.2682458987347672
rec_6392,2025-11-01T00:00:00Z,line82_ord5003,line82_ord5003_p0,22.52880042,-98.13662248,0.2680530890786282
rec_12083,2025-10-27T00:00:00Z,line74_ord9359,line74_ord9359_p0,16.4266716,-94.76090583,0.2701677112390739
rec_19610,2025-10-26T00:00:00Z,line44_ord11372,line44_ord11372_p0,17.83363199,-93.95347815,0.2716370279806113
rec_7444,2025-10-28T00:00:00Z,line44_ord165,line44_ord165_p0,18.09038727,-94.3814317,0.2701054362072794
rec_22192,2025-11-01T00:00:00Z,line117_ord1028,line117_ord1028_p0,18.72958241,-97.41018871,0.2718580083233392
rec_26044,2025-10-28T00:00:00Z,line82_ord3731,line82_ord3731_p0,22.37725767,-97.90876806,0.2690512322453978
rec_4570,2025-10-26T00:00:00Z,line82_ord7233,line82_ord7233_p0,25.94456824,-100.7275541,0.2684827819994085
rec_13692,2025-10-28T00:00:00Z,line1_ord14336,line1_ord14336_p0,27.11350433,-104.8794531,0.2680545555316463
rec_8116,2025-10-28T00:00:00Z,line74_ord12953,line74_ord12953_p0,16.25408599,-93.98961458,0.2701708932266573
rec_3967,2025-10-31T00:00:00Z,line82_ord17128,line82_ord17128_p0,23.68457576,-99.08423697,0.268495640496288
rec_7943,2025-10-31T00:00:00Z,line65_ord28503,line65_ord28503_p0,19.84350737,-103.53726,0.2710394173257796
rec_11780,2025-10-28T00:00:00Z,line1_ord1408,line1_ord1408_p0,20.51079107,-100.9760103,0.2678442725399994
rec_20590,2025-10-30T00:00:00Z,line119_ord4211,line119_ord4211_p0,26.55974958,-109.1421055,0.2698188119389368
rec_11434,2025-10-26T00:00:00Z,line119_ord2568,line119_ord2568_p0,26.96049529,-109.4255429,0.2699544861045823
rec_31542,2025-10-30T00:00:00Z,line73_ord817,line73_ord817_p0,19.87292524,-99.22839269,0.2704275399868132
rec_29869,2025-10-29T00:00:00Z,line102_ord6351,line102_ord6351_p0,27.54182771,-107.8291057,0.270296498228274
rec_16759,2025-10-31T00:00:00Z,line119_ord4121,line119_ord4121_p0,23.03360713,-106.0984576,0.2705801733388832
rec_11589,2025-10-29T00:00:00Z,line102_ord4838,line102_ord4838_p0,26.61462773,-108.4458879,0.2709236209466905
rec_32873,2025-10-25T00:00:00Z,line104_ord1536,line104_ord1536_p0,27.6373188,-101.334596,0.2694894510398916
rec_39473,2025-10-25T00:00:00Z,line17_ord697,line17_ord697_p0,20.64014639,-100.2170402,0.2686384517734237
rec_18115,2025-10-27T00:00:00Z,line1_ord25154,line1_ord25154_p0,26.66221876,-104.2671053,0.2688037534752217
rec_36180,2025-10-28T00:00:00Z,line1_ord8521,line1_ord8521_p0,22.37679287,-102.2830039,0.2691510445810641
rec_7514,2025-10-26T00:00:00Z,line13_ord4830,line13_ord4830_p0,25.73412269,-100.710355,0.271522036307319
rec_37976,2025-11-01T00:00:00Z,line82_ord15578,line82_ord15578_p0,25.71598977,-102.1592359,0.2746145127971379
rec_15396,2025-10-28T00:00:00Z,line45_ord13438,line45_ord13438_p0,20.94089146,-88.99790165,0.2726259521185115
rec_9448,2025-11-01T00:00:00Z,line97_ord13991,line97_ord13991_p0,27.01160769,-105.5752119,0.2678001189089141
rec_4572,2025-10-28T00:00:00Z,line82_ord7233,line82_ord7233_p0,25.94456824,-100.7275541,0.2679015796071687
rec_10576,2025-11-01T00:00:00Z,line65_ord14730,line65_ord14730_p0,20.60485792,-103.3331733,0.2685790825356989
rec_690,2025-10-26T00:00:00Z,line1_ord0,line1_ord0_p0,20.05258576,-99.35874406,0.2748156075815477
rec_29731,2025-10-27T00:00:00Z,line148_ord1140,line148_ord1140_p0,19.16770468,-98.77521349,0.2701035402926565
rec_16392,2025-11-01T00:00:00Z,line108_ord3042,line108_ord3042_p0,27.22820786,-103.4882875,0.2705388962907133
rec_6390,2025-10-30T00:00:00Z,line82_ord5003,line82_ord5003_p0,22.52880042,-98.13662248,0.2716741351407567
rec_17037,2025-10-29T00:00:00Z,line24_ord314,line24_ord314_p0,25.70418244,-100.3042491,0.2704620407260799
rec_28947,2025-10-27T00:00:00Z,line127_ord4507,line127_ord4507_p0,25.62186061,-108.5022019,0.2697549449403105
rec_4450,2025-10-26T00:00:00Z,line19_ord1107,line19_ord1107_p0,25.82625712,-100.625535,0.2697928812476721
rec_16661,2025-10-29T00:00:00Z,line13_ord457,line13_ord457_p0,22.53888154,-101.0230632,0.2688527697968964
rec_21250,2025-10-26T00:00:00Z,line73_ord2690,line73_ord2690_p0,20.37330462,-99.96531083,0.2720558972418316
rec_1245,2025-10-29T00:00:00Z,line114_ord50,line114_ord50_p0,18.92233693,-96.76224368,0.2736545137409884
rec_39025,2025-10-25T00:00:00Z,line138_ord3948,line138_ord3948_p0,32.44547147,-116.8911133,0.2693783235221039
rec_3147,2025-10-27T00:00:00Z,line112_ord1839,line112_ord1839_p0,27.26246963,-103.6035776,0.270403242825659
rec_3966,2025-10-30T00:00:00Z,line82_ord17128,line82_ord17128_p0,23.68457576,-99.08423697,0.2706847629952869
rec_17499,2025-10-27T00:00:00Z,line139_ord22960,line139_ord22960_p0,19.59831755,-96.96883303,0.2701040079461979
rec_17875,2025-10-27T00:00:00Z,line73_ord1402,line73_ord1402_p0,20.6004601,-100.4250198,0.2718929138472916
rec_26713,2025-10-25T00:00:00Z,line114_ord9262,line114_ord9262_p0,19.51874472,-98.25239079,0.268952812691536
rec_39084,2025-10-28T00:00:00Z,line52_ord3011,line52_ord3011_p0,18.26750004,-96.15665616,0.2718368899262081
rec_1716,2025-10-28T00:00:00Z,line18_ord10001,line18_ord10001_p0,21.16392343,-100.6697325,0.2695482604387028
rec_25051,2025-10-27T00:00:00Z,line138_ord6110,line138_ord6110_p0,32.48845003,-116.7975459,0.270081420774589
rec_7896,2025-11-01T00:00:00Z,line13_ord13714,line13_ord13714_p0,24.49228025,-100.8658143,0.2721319440790687
rec_21116,2025-10-28T00:00:00Z,line147_ord4271,line147_ord4271_p0,19.38605925,-98.97377155,0.2703004654710211
rec_6947,2025-10-27T00:00:00Z,line13_ord8055,line13_ord8055_p0,23.52979289,-100.990281,0.2723056419747663
rec_24442,2025-10-26T00:00:00Z,line61_ord1345,line61_ord1345_p0,20.09070105,-98.74833675,0.2711375196226549
rec_37810,2025-10-26T00:00:00Z,line136_ord43048,line136_ord43048_p0,31.43348666,-113.5984526,0.2691056468530611
rec_4184,2025-11-01T00:00:00Z,line119_ord1624,line119_ord1624_p0,22.42380559,-105.3233511,0.2726165946931304
rec_35042,2025-10-26T00:00:00Z,line82_ord2269,line82_ord2269_p0,24.2031975,-99.2269111,0.2703906810243457
rec_21325,2025-10-29T00:00:00Z,line76_ord7015,line76_ord7015_p0,22.16282042,-99.75300853,0.2692325441998221
rec_38835,2025-10-27T00:00:00Z,line1_ord37159,line1_ord37159_p0,24.83142661,-102.768382,0.2689566513326514
rec_29252,2025-10-28T00:00:00Z,line139_ord15482,line139_ord15482_p0,19.3421658,-96.49990819,0.2691632116421385
rec_13030,2025-10-30T00:00:00Z,line119_ord7927,line119_ord7927_p0,31.00426404,-110.8879325,0.2688830379552648
rec_17381,2025-10-29T00:00:00Z,line120_ord8148,line120_ord8148_p0,31.32320567,-110.4781271,0.2709947566607308
rec_8440,2025-11-01T00:00:00Z,line136_ord91084,line136_ord91084_p0,30.65899217,-111.9855133,0.2685868186876229
rec_12831,2025-10-31T00:00:00Z,line155_ord8422,line155_ord8422_p0,17.84402462,-94.88958195,0.2732613264670271
rec_35711,2025-10-31T00:00:00Z,line43_ord11191,line43_ord11191_p0,26.2712199,-98.77283124,0.2713965229943679
rec_21658,2025-10-26T00:00:00Z,line102_ord18752,line102_ord18752_p0,28.53178504,-106.5538353,0.2683417720746632
rec_35636,2025-10-28T00:00:00Z,line52_ord5025,line52_ord5025_p0,18.75591652,-96.81296131,0.2708227624021199
rec_6560,2025-11-01T00:00:00Z,line102_ord5316,line102_ord5316_p0,28.47473531,-106.7830675,0.269173993984717
rec_6385,2025-10-25T00:00:00Z,line82_ord5003,line82_ord5003_p0,22.52880042,-98.13662248,0.2721552898652065
rec_34181,2025-10-29T00:00:00Z,line147_ord9488,line147_ord9488_p0,18.94105287,-98.90969714,0.2767595172470914
rec_13182,2025-10-30T00:00:00Z,line58_ord755,line58_ord755_p0,19.63812118,-99.15561258,0.2710117306072761
rec_15731,2025-10-27T00:00:00Z,line76_ord883,line76_ord883_p0,22.23423951,-97.8383536,0.2712779909391332
rec_29225,2025-10-25T00:00:00Z,line136_ord27731,line136_ord27731_p0,31.73204117,-114.0912843,0.2734599504492881
rec_38848,2025-11-01T00:00:00Z,line143_ord622,line143_ord622_p0,19.16066722,-98.31830375,0.2688669316064656
rec_37434,2025-10-26T00:00:00Z,line1_ord56632,line1_ord56632_p0,25.30597514,-103.4959331,0.2758994610257972
rec_36733,2025-10-29T00:00:00Z,line120_ord9973,line120_ord9973_p0,31.16647431,-110.7201409,0.2715722710257231
rec_26357,2025-10-29T00:00:00Z,line114_ord1023,line114_ord1023_p0,19.40782984,-98.09064594,0.2692638956608679
rec_12058,2025-10-26T00:00:00Z,line135_ord2584,line135_ord2584_p0,19.69039322,-99.0955851,0.2729630617386528
rec_2666,2025-10-26T00:00:00Z,line52_ord1648,line52_ord1648_p0,18.38734897,-96.31654134,0.2684925743574267
rec_7000,2025-11-01T00:00:00Z,line136_ord36391,line136_ord36391_p0,31.62102301,-113.7688266,0.270000373918255
rec_34833,2025-10-25T00:00:00Z,line119_ord5709,line119_ord5709_p0,24.56715091,-107.3685617,0.2688354007997167
rec_4658,2025-10-26T00:00:00Z,line28_ord10101,line28_ord10101_p0,24.39849151,-104.2163205,0.2719180999032292
rec_3554,2025-10-26T00:00:00Z,line136_ord47716,line136_ord47716_p0,31.31269397,-113.504405,0.2685301039691408
rec_3873,2025-10-25T00:00:00Z,line119_ord2471,line119_ord2471_p0,25.36856442,-108.0923365,0.271002941086769
rec_35632,2025-11-01T00:00:00Z,line82_ord3432,line82_ord3432_p0,24.97412288,-99.65620593,0.2707025648123662
rec_38316,2025-10-28T00:00:00Z,line114_ord8589,line114_ord8589_p0,19.54009877,-98.2744631,0.2683645791729011
rec_6025,2025-10-25T00:00:00Z,line119_ord19933,line119_ord19933_p0,29.39266428,-110.8996102,0.2693722424160496
rec_30119,2025-10-31T00:00:00Z,line87_ord9067,line87_ord9067_p0,20.2124179,-99.70771425,0.2692677404169687
rec_19535,2025-10-31T00:00:00Z,line119_ord18555,line119_ord18555_p0,21.43209918,-104.8572501,0.2682861634658693
rec_37868,2025-10-28T00:00:00Z,line88_ord1498,line88_ord1498_p0,19.42566317,-101.9631712,0.2693230604996734
rec_37411,2025-10-27T00:00:00Z,line78_ord20753,line78_ord20753_p0,23.12905225,-101.0497978,0.2685340412389203
rec_39843,2025-10-27T00:00:00Z,line119_ord3865,line119_ord3865_p0,26.57180907,-109.1524542,0.2678030874312539
rec_31841,2025-10-25T00:00:00Z,line104_ord11824,line104_ord11824_p0,26.50376005,-101.2406556,0.2730811077822719
rec_8454,2025-10-30T00:00:00Z,line120_ord5677,line120_ord5677_p0,31.20878659,-110.2231864,0.2684794566720182
rec_23804,2025-10-28T00:00:00Z,line26_ord515,line26_ord515_p0,18.77512602,-99.17673153,0.2709040382126637
rec_12484,2025-10-28T00:00:00Z,line120_ord13249,line120_ord13249_p0,31.15838125,-110.6195992,0.2728686699764346
rec_1347,2025-10-27T00:00:00Z,line68_ord10834,line68_ord10834_p0,19.99376206,-101.7580666,0.2682522350479877
rec_25829,2025-10-29T00:00:00Z,line102_ord13473,line102_ord13473_p0,28.41476152,-106.4317205,0.2707429630466214
rec_8104,2025-11-01T00:00:00Z,line82_ord9287,line82_ord9287_p0,23.44069361,-98.83515731,0.2718154752251172
rec_22796,2025-10-28T00:00:00Z,line87_ord3913,line87_ord3913_p0,19.78561492,-99.18658038,0.2686045528264076
rec_27628,2025-10-28T00:00:00Z,line155_ord10067,line155_ord10067_p0,17.07736758,-95.0429597,0.2690016697203463
rec_21501,2025-10-29T00:00:00Z,line33_ord3870,line33_ord3870_p0,23.66155138,-103.3993473,0.2679612420953046
rec_13779,2025-10-27T00:00:00Z,line43_ord15599,line43_ord15599_p0,26.20644125,-98.56804255,0.2711376382841933
rec_26567,2025-10-31T00:00:00Z,line13_ord7584,line13_ord7584_p0,25.19981021,-101.0733023,0.2702172054962544
rec_17258,2025-10-26T00:00:00Z,line142_ord189,line142_ord189_p0,18.88885931,-98.98936859,0.2688028058553587
rec_20701,2025-10-29T00:00:00Z,line44_ord13893,line44_ord13893_p0,17.79037292,-93.85007695,0.2719737494544821
rec_27171,2025-10-27T00:00:00Z,line78_ord18495,line78_ord18495_p0,23.04598987,-101.1072934,0.2697387013325711
rec_14159,2025-10-31T00:00:00Z,line13_ord2613,line13_ord2613_p0,20.58214789,-100.6725221,0.2686377459944943
rec_19962,2025-10-26T00:00:00Z,line1_ord55225,line1_ord55225_p0,25.25238786,-103.4727238,0.2687911962988499
rec_39115,2025-10-27T00:00:00Z,line13_ord26112,line13_ord26112_p0,20.50548872,-99.86838881,0.2693540412539459
rec_19979,2025-10-27T00:00:00Z,line77_ord779,line77_ord779_p0,22.26858694,-100.039394,0.2695504524280858
rec_10804,2025-10-28T00:00:00Z,line34_ord2541,line34_ord2541_p0,24.05109836,-105.0061761,0.2687830209387372
rec_4017,2025-10-25T00:00:00Z,line119_ord9163,line119_ord9163_p0,22.12304151,-105.2177371,0.2700889228338772
rec_20587,2025-10-27T00:00:00Z,line119_ord4211,line119_ord4211_p0,26.55974958,-109.1421055,0.2716610130387492
rec_37694,2025-10-30T00:00:00Z,line82_ord17408,line82_ord17408_p0,24.7920199,-99.51250568,0.2697610261936983
rec_6620,2025-10-28T00:00:00Z,line103_ord4704,line103_ord4704_p0,29.60993129,-108.0364584,0.2678040278266604
rec_4462,2025-10-30T00:00:00Z,line18_ord5595,line18_ord5595_p0,20.98766219,-100.7582328,0.2680031818471279
rec_28160,2025-11-01T00:00:00Z,line26_ord44,line26_ord44_p0,18.61775648,-99.32557374,0.2682457624669995
rec_8206,2025-10-30T00:00:00Z,line65_ord11201,line65_ord11201_p0,20.49313683,-103.2302247,0.2681531328386343
rec_3537,2025-10-25T00:00:00Z,line90_ord13792,line90_ord13792_p0,20.51978321,-100.7997657,0.2713933021027204
rec_16960,2025-11-01T00:00:00Z,line43_ord19614,line43_ord19614_p0,26.1539198,-98.38371545,0.2697506157813429
rec_28578,2025-10-26T00:00:00Z,line1_ord15087,line1_ord15087_p0,27.71554198,-105.1877617,0.2710510544219745
rec_16757,2025-10-29T00:00:00Z,line119_ord4121,line119_ord4121_p0,23.03360713,-106.0984576,0.2693530719274012
rec_18677,2025-10-29T00:00:00Z,line82_ord625,line82_ord625_p0,23.07160122,-98.75832195,0.2692257457667887
rec_29331,2025-10-27T00:00:00Z,line44_ord7802,line44_ord7802_p0,17.59890432,-93.15796577,0.2713412437941263
rec_3050,2025-10-26T00:00:00Z,line13_ord1769,line13_ord1769_p0,20.75438583,-100.7735587,0.2678372226650605
rec_2858,2025-10-26T00:00:00Z,line17_ord1627,line17_ord1627_p0,20.60923192,-100.2019572,0.27149334021312
rec_31993,2025-10-25T00:00:00Z,line1_ord9570,line1_ord9570_p0,21.04249799,-101.7976735,0.2688517777962202
rec_34182,2025-10-30T00:00:00Z,line147_ord9488,line147_ord9488_p0,18.94105287,-98.90969714,0.2747011202618177
rec_7576,2025-11-01T00:00:00Z,line114_ord2314,line114_ord2314_p0,19.72079326,-98.73534905,0.2697597977830509
rec_8238,2025-10-30T00:00:00Z,line139_ord2188,line139_ord2188_p0,19.44979256,-97.54647649,0.2678013262203876
rec_35216,2025-11-01T00:00:00Z,line74_ord9196,line74_ord9196_p0,15.06736452,-92.41336813,0.2694042450435086
rec_26983,2025-10-31T00:00:00Z,line74_ord4055,line74_ord4055_p0,16.10501673,-93.78693442,0.2700247442819828
rec_8102,2025-10-30T00:00:00Z,line82_ord9287,line82_ord9287_p0,23.44069361,-98.83515731,0.2727052423564834
rec_1509,2025-10-29T00:00:00Z,line136_ord45626,line136_ord45626_p0,31.35144216,-113.5492703,0.2698049077627474
rec_15859,2025-10-27T00:00:00Z,line1_ord1587,line1_ord1587_p0,26.7952745,-104.399607,0.2766714808225438
rec_8531,2025-10-27T00:00:00Z,line155_ord3328,line155_ord3328_p0,17.30267475,-94.99586953,0.2730468118483412
rec_4785,2025-10-25T00:00:00Z,line139_ord14052,line139_ord14052_p0,19.42416114,-98.00629448,0.2729109836048744
rec_1102,2025-10-30T00:00:00Z,line13_ord0,line13_ord0_p0,27.47827209,-99.63576089,0.2777855765884353
rec_6963,2025-10-27T00:00:00Z,line119_ord7675,line119_ord7675_p0,21.68796611,-104.8489328,0.2716921158461258
rec_20576,2025-11-01T00:00:00Z,line74_ord3594,line74_ord3594_p0,15.39812723,-92.82124227,0.2689053098111417
rec_1483,2025-10-27T00:00:00Z,line93_ord3326,line93_ord3326_p0,17.92314056,-102.2055626,0.271000831101888
rec_2051,2025-10-27T00:00:00Z,line120_ord15787,line120_ord15787_p0,31.33349943,-109.8211706,0.2685163724691335
rec_39842,2025-10-26T00:00:00Z,line119_ord3865,line119_ord3865_p0,26.57180907,-109.1524542,0.2715181585510368
rec_21551,2025-10-31T00:00:00Z,line155_ord220,line155_ord220_p0,18.1267687,-94.55094917,0.2696307535648773
rec_2559,2025-10-31T00:00:00Z,line1_ord801,line1_ord801_p0,20.62048683,-101.2600367,0.2689002116394819
rec_6589,2025-10-29T00:00:00Z,line90_ord12007,line90_ord12007_p0,20.44184124,-100.7858938,0.2734051358982288
rec_26323,2025-10-27T00:00:00Z,line139_ord385,line139_ord385_p0,19.63851991,-98.53851058,0.2683600300337483
rec_8575,2025-10-31T00:00:00Z,line13_ord23025,line13_ord23025_p0,20.49384436,-99.79663689,0.2754826805085061
rec_24039,2025-10-31T00:00:00Z,line13_ord7007,line13_ord7007_p0,23.4827041,-100.9911809,0.2685952808288068
rec_35827,2025-10-27T00:00:00Z,line88_ord3105,line88_ord3105_p0,19.43536852,-101.9320734,0.2706061475615943
rec_8355,2025-10-27T00:00:00Z,line147_ord546,line147_ord546_p0,19.09439664,-98.78558455,0.2731165008818796
rec_16469,2025-10-29T00:00:00Z,line74_ord773,line74_ord773_p0,16.27037063,-93.95746572,0.2695489640974936
rec_7463,2025-10-31T00:00:00Z,line38_ord10090,line38_ord10090_p0,17.87345623,-97.00179526,0.2709783868343612
rec_34991,2025-10-31T00:00:00Z,line82_ord22075,line82_ord22075_p0,25.73438057,-102.4784797,0.2691393895875402
rec_8536,2025-11-01T00:00:00Z,line155_ord3328,line155_ord3328_p0,17.30267475,-94.99586953,0.2736914042120738
rec_24498,2025-10-26T00:00:00Z,line1_ord15511,line1_ord15511_p0,21.20239651,-101.902265,0.2679252744950317
rec_30112,2025-11-01T00:00:00Z,line76_ord1009,line76_ord1009_p0,22.23201007,-97.83919898,0.2678737205018567
rec_30313,2025-10-25T00:00:00Z,line136_ord71104,line136_ord71104_p0,30.87827821,-112.7594668,0.2750765872602033
rec_2537,2025-10-25T00:00:00Z,line102_ord4731,line102_ord4731_p0,27.35971436,-108.1493434,0.2746049299051288
rec_19202,2025-10-26T00:00:00Z,line17_ord5397,line17_ord5397_p0,21.45460165,-100.7405727,0.2703239815341211
rec_35776,2025-11-01T00:00:00Z,line139_ord22258,line139_ord22258_p0,19.61772968,-96.97755511,0.2697703343462465
rec_2883,2025-10-27T00:00:00Z,line1_ord12393,line1_ord12393_p0,27.05874887,-104.8047075,0.2717212168769221
rec_39525,2025-10-29T00:00:00Z,line143_ord7570,line143_ord7570_p0,19.22831181,-97.79028948,0.2693718468590267
rec_16706,2025-10-26T00:00:00Z,line1_ord55867,line1_ord55867_p0,30.83655652,-106.4933343,0.271871222610303
rec_13371,2025-10-27T00:00:00Z,line104_ord241,line104_ord241_p0,28.33554219,-100.8423478,0.2719658471081023
rec_7001,2025-10-25T00:00:00Z,line119_ord3459,line119_ord3459_p0,25.90209427,-108.6720457,0.2702896482481813
rec_16240,2025-11-01T00:00:00Z,line76_ord22175,line76_ord22175_p0,22.38278326,-100.2318437,0.2707940907705484
rec_31302,2025-10-30T00:00:00Z,line52_ord10757,line52_ord10757_p0,17.73861792,-95.13362032,0.2713471279022563
rec_20347,2025-10-27T00:00:00Z,line34_ord157,line34_ord157_p0,23.93128955,-105.1157319,0.270529061293133
rec_14620,2025-10-28T00:00:00Z,line76_ord4371,line76_ord4371_p0,22.17706561,-98.63147629,0.2752501844368157
rec_28176,2025-11-01T00:00:00Z,line139_ord20692,line139_ord20692_p0,19.29694714,-96.31280632,0.2703309085250702
rec_26553,2025-10-25T00:00:00Z,line108_ord15,line108_ord15_p0,26.74666769,-104.3362027,0.2726572802300658
rec_22953,2025-10-25T00:00:00Z,line13_ord903,line13_ord903_p0,22.43701927,-101.0164345,0.2691667005665364
rec_29195,2025-10-27T00:00:00Z,line120_ord18111,line120_ord18111_p0,31.3329369,-109.7461607,0.2747151382336188
rec_5546,2025-10-26T00:00:00Z,line38_ord6191,line38_ord6191_p0,17.5853983,-97.00072479,0.2747569704773545
rec_10479,2025-10-31T00:00:00Z,line88_ord12832,line88_ord12832_p0,19.79546793,-100.9960866,0.2678315076621208
rec_12286,2025-10-30T00:00:00Z,line65_ord32174,line65_ord32174_p0,19.73831719,-103.512705,0.2706154203355329
rec_11686,2025-10-30T00:00:00Z,line65_ord5796,line65_ord5796_p0,20.40475983,-103.0240481,0.2720253824606881
rec_39928,2025-11-01T00:00:00Z,line108_ord2113,line108_ord2113_p0,27.00223593,-101.5604582,0.2723958486827422
rec_12617,2025-10-25T00:00:00Z,line108_ord18367,line108_ord18367_p0,26.81720606,-104.1732537,0.2697236117820056
rec_28295,2025-10-31T00:00:00Z,line33_ord2798,line33_ord2798_p0,23.6576046,-103.4449284,0.2694447822035354
rec_3275,2025-10-27T00:00:00Z,line119_ord2843,line119_ord2843_p0,26.94838765,-109.4239047,0.2683801088422383
rec_36692,2025-10-28T00:00:00Z,line82_ord9623,line82_ord9623_p0,25.14865432,-99.8127204,0.2690726802359162
rec_15345,2025-10-25T00:00:00Z,line127_ord4642,line127_ord4642_p0,25.61587704,-108.502913,0.2686037753245003
rec_17555,2025-10-27T00:00:00Z,line93_ord3342,line93_ord3342_p0,18.20554699,-101.9986783,0.2680593737932641
rec_33596,2025-10-28T00:00:00Z,line94_ord12,line94_ord12_p0,19.44850841,-101.8304341,0.27138071278099
rec_6955,2025-10-27T00:00:00Z,line1_ord4028,line1_ord4028_p0,23.69787353,-102.5725346,0.2715362143878751
rec_4998,2025-10-30T00:00:00Z,line136_ord44884,line136_ord44884_p0,31.37677091,-113.5590676,0.2696027384078582
rec_7165,2025-10-29T00:00:00Z,line1_ord36168,line1_ord36168_p0,23.26620111,-102.8021838,0.2739790581364797
rec_38504,2025-11-01T00:00:00Z,line44_ord5124,line44_ord5124_p0,17.5562187,-91.30659755,0.2700565851748667
rec_2262,2025-10-30T00:00:00Z,line1_ord38401,line1_ord38401_p0,24.85689064,-102.8212232,0.2705954157685917
rec_16277,2025-10-29T00:00:00Z,line102_ord12131,line102_ord12131_p0,28.41356242,-107.0631517,0.2700867728342985
rec_9698,2025-10-26T00:00:00Z,line119_ord2052,line119_ord2052_p0,25.38634651,-108.0984519,0.2679246960245626
rec_6318,2025-10-30T00:00:00Z,line139_ord6399,line139_ord6399_p0,19.4944617,-97.37303304,0.2688667497129545
rec_10989,2025-10-29T00:00:00Z,line104_ord19021,line104_ord19021_p0,26.9399198,-101.4420161,0.2730889100955817
rec_31267,2025-10-27T00:00:00Z,line82_ord1844,line82_ord1844_p0,25.81868301,-100.3362021,0.272505992010029
rec_24273,2025-10-25T00:00:00Z,line147_ord109,line147_ord109_p0,19.35931158,-98.96366621,0.268336067567377
rec_33073,2025-10-25T00:00:00Z,line138_ord1703,line138_ord1703_p0,32.50337802,-116.9632071,0.2685669887282885
rec_32005,2025-10-29T00:00:00Z,line53_ord11881,line53_ord11881_p0,18.54781369,-96.2513592,0.2687705508865842
rec_22398,2025-10-30T00:00:00Z,line114_ord2695,line114_ord2695_p0,18.82771522,-97.28967973,0.2680478169385882
rec_36404,2025-10-28T00:00:00Z,line119_ord1113,line119_ord1113_p0,22.07462227,-105.2006252,0.2695612607065063
rec_20586,2025-10-26T00:00:00Z,line119_ord4211,line119_ord4211_p0,26.55974958,-109.1421055,0.2703266041914197
rec_24977,2025-10-25T00:00:00Z,line119_ord42408,line119_ord42408_p0,21.04699699,-104.3658223,0.2741535929574321
rec_28193,2025-10-25T00:00:00Z,line43_ord1455,line43_ord1455_p0,25.76337812,-100.0936744,0.270230850388466
rec_13790,2025-10-30T00:00:00Z,line102_ord12847,line102_ord12847_p0,29.07519861,-105.6065834,0.268669757884992
rec_14684,2025-10-28T00:00:00Z,line147_ord4099,line147_ord4099_p0,19.18891503,-98.88888008,0.2712205819953932
rec_28012,2025-10-28T00:00:00Z,line119_ord7382,line119_ord7382_p0,22.19238882,-105.2511094,0.2701838132314033
rec_31823,2025-10-31T00:00:00Z,line38_ord19516,line38_ord19516_p0,17.24200197,-96.85728589,0.2678861947507525
rec_5557,2025-10-29T00:00:00Z,line28_ord6532,line28_ord6532_p0,24.35540707,-104.3718659,0.2727262655865351
rec_12515,2025-10-27T00:00:00Z,line119_ord1785,line119_ord1785_p0,23.27150725,-106.4333623,0.2727278851732571
rec_10348,2025-10-28T00:00:00Z,line119_ord6233,line119_ord6233_p0,27.89853549,-110.5271935,0.2731864171178536
rec_31665,2025-10-25T00:00:00Z,line126_ord1863,line126_ord1863_p0,27.05960428,-109.5226178,0.2710582362815552
rec_3679,2025-10-31T00:00:00Z,line106_ord1359,line106_ord1359_p0,27.9353877,-101.2286413,0.2697729625027402
rec_39589,2025-10-29T00:00:00Z,line65_ord1003,line65_ord1003_p0,18.93013967,-103.9890017,0.2717125155366423
rec_25858,2025-10-26T00:00:00Z,line1_ord26466,line1_ord26466_p0,29.70828752,-106.364401,0.2707662883392438
rec_19625,2025-10-25T00:00:00Z,line147_ord433,line147_ord433_p0,19.09933861,-98.78443057,0.2687998595183165
rec_35432,2025-11-01T00:00:00Z,line1_ord41997,line1_ord41997_p0,24.93971497,-102.9665111,0.2735051845281256
rec_25827,2025-10-27T00:00:00Z,line102_ord13473,line102_ord13473_p0,28.41476152,-106.4317205,0.2709210016893599
rec_22993,2025-10-25T00:00:00Z,line119_ord2810,line119_ord2810_p0,23.07671974,-106.1409792,0.2720447278531435
rec_9304,2025-11-01T00:00:00Z,line1_ord706,line1_ord706_p0,27.17956952,-104.9000654,0.27023557814052
rec_14989,2025-10-29T00:00:00Z,line19_ord4004,line19_ord4004_p0,25.79462481,-100.4977669,0.2714068106136383
rec_24500,2025-10-28T00:00:00Z,line1_ord15511,line1_ord15511_p0,21.20239651,-101.902265,0.2732850438255996
rec_29836,2025-10-28T00:00:00Z,line88_ord2070,line88_ord2070_p0,19.43079053,-101.9517102,0.2682300622887107
rec_31158,2025-10-30T00:00:00Z,line119_ord614,line119_ord614_p0,27.57962014,-109.9267331,0.2734056636331096
rec_31808,2025-11-01T00:00:00Z,line155_ord4515,line155_ord4515_p0,17.50117067,-95.02753621,0.2703813162286467
rec_23421,2025-10-29T00:00:00Z,line52_ord16354,line52_ord16354_p0,18.02897446,-95.49260576,0.2684848879322286
rec_3201,2025-10-25T00:00:00Z,line82_ord30467,line82_ord30467_p0,25.757174,-102.8929774,0.2700919012188353
rec_16417,2025-10-25T00:00:00Z,line82_ord33536,line82_ord33536_p0,25.76958131,-103.041498,0.270044050888661
rec_12975,2025-10-31T00:00:00Z,line88_ord22241,line88_ord22241_p0,19.84136973,-100.0737667,0.2682509920168522
rec_34629,2025-10-29T00:00:00Z,line104_ord2407,line104_ord2407_p0,27.60311341,-101.3453414,0.2701595594804509
rec_25579,2025-10-27T00:00:00Z,line82_ord3448,line82_ord3448_p0,24.25500312,-99.23506875,0.269610308581063
rec_12738,2025-10-26T00:00:00Z,line102_ord16857,line102_ord16857_p0,28.90809908,-105.6579553,0.2722596747287514
rec_1447,2025-10-31T00:00:00Z,line25_ord1042,line25_ord1042_p0,25.32514582,-101.0581729,0.2724304220520334
rec_22191,2025-10-31T00:00:00Z,line117_ord1028,line117_ord1028_p0,18.72958241,-97.41018871,0.2736094912746903
rec_12688,2025-11-01T00:00:00Z,line43_ord9091,line43_ord9091_p0,26.23877084,-98.85273946,0.2689325054800756
rec_5441,2025-10-25T00:00:00Z,line114_ord893,line114_ord893_p0,19.41083001,-98.0960422,0.2688176604891807
rec_19990,2025-10-30T00:00:00Z,line47_ord659,line47_ord659_p0,19.83094232,-90.53973259,0.2743497123314354
rec_2270,2025-10-30T00:00:00Z,line1_ord4140,line1_ord4140_p0,28.78055595,-106.1281259,0.2706729897717801
rec_29280,2025-11-01T00:00:00Z,line104_ord255,line104_ord255_p0,25.94386252,-100.9387612,0.2691220581154939
rec_18906,2025-10-26T00:00:00Z,line137_ord1406,line137_ord1406_p0,32.62447191,-115.4531929,0.2709770765569161
rec_16669,2025-10-29T00:00:00Z,line74_ord2582,line74_ord2582_p0,16.47163703,-95.02367098,0.2682246183629326
rec_4391,2025-10-31T00:00:00Z,line82_ord36789,line82_ord36789_p0,25.77764985,-103.1969454,0.270807907232191
rec_4592,2025-11-01T00:00:00Z,line138_ord12773,line138_ord12773_p0,32.56967864,-116.6311261,0.2701412578758614
rec_15687,2025-10-31T00:00:00Z,line143_ord10654,line143_ord10654_p0,19.36791005,-98.46294875,0.2687994169702334
rec_2231,2025-10-31T00:00:00Z,line68_ord11750,line68_ord11750_p0,19.96217364,-101.7626547,0.2766745173575241
rec_21442,2025-10-26T00:00:00Z,line102_ord4131,line102_ord4131_p0,29.17612584,-105.2912112,0.2683907485070779
rec_34689,2025-10-25T00:00:00Z,line43_ord11646,line43_ord11646_p0,25.8610459,-99.45364713,0.2681127502239623
rec_19298,2025-10-26T00:00:00Z,line53_ord5902,line53_ord5902_p0,18.79048215,-96.16338021,0.2706403373433337
rec_5560,2025-11-01T00:00:00Z,line28_ord6532,line28_ord6532_p0,24.35540707,-104.3718659,0.271025667141763
rec_23052,2025-10-28T00:00:00Z,line65_ord1615,line65_ord1615_p0,20.32486869,-102.3574427,0.2697923182665204
rec_34547,2025-10-27T00:00:00Z,line97_ord4614,line97_ord4614_p0,27.14471413,-105.1587682,0.2729213521634124
rec_37903,2025-10-31T00:00:00Z,line88_ord6511,line88_ord6511_p0,19.99773606,-100.4966228,0.2688816600319353
rec_15926,2025-10-30T00:00:00Z,line38_ord2455,line38_ord2455_p0,17.70519792,-97.009154,0.2712839838434264
rec_11110,2025-10-30T00:00:00Z,line88_ord13620,line88_ord13620_p0,19.18853727,-101.8672677,0.2726085100966646
rec_17038,2025-10-30T00:00:00Z,line24_ord314,line24_ord314_p0,25.70418244,-100.3042491,0.2700894620383474
rec_29262,2025-10-30T00:00:00Z,line119_ord1848,line119_ord1848_p0,23.17780595,-106.3288927,0.2687363743886718
rec_2860,2025-10-28T00:00:00Z,line17_ord1627,line17_ord1627_p0,20.60923192,-100.2019572,0.2700014849086312
rec_8129,2025-10-25T00:00:00Z,line1_ord3565,line1_ord3565_p0,20.34369702,-99.93245428,0.2717208959720153
rec_5407,2025-10-31T00:00:00Z,line44_ord8533,line44_ord8533_p0,17.67873568,-91.22782414,0.2704359372785195
rec_24549,2025-10-29T00:00:00Z,line44_ord4592,line44_ord4592_p0,19.96000005,-90.34973346,0.2684888387324295
rec_8235,2025-10-27T00:00:00Z,line139_ord2188,line139_ord2188_p0,19.44979256,-97.54647649,0.2680917590738534
rec_39590,2025-10-30T00:00:00Z,line65_ord1003,line65_ord1003_p0,18.93013967,-103.9890017,0.27198994541592
rec_29074,2025-10-26T00:00:00Z,line44_ord2352,line44_ord2352_p0,17.59253438,-93.3258895,0.2688712846667161
rec_23552,2025-11-01T00:00:00Z,line44_ord16365,line44_ord16365_p0,17.97973795,-91.14220034,0.2751537415012975
rec_35219,2025-10-27T00:00:00Z,line17_ord11051,line17_ord11051_p0,21.0016061,-100.4304406,0.2687795990322238
rec_25000,2025-11-01T00:00:00Z,line52_ord1478,line52_ord1478_p0,18.19400732,-96.09918579,0.2728535048265303
rec_39566,2025-10-30T00:00:00Z,line58_ord1834,line58_ord1834_p0,19.67056302,-99.11838763,0.2690301947021553
rec_13456,2025-11-01T00:00:00Z,line44_ord5327,line44_ord5327_p0,17.5983054,-93.2153015,0.2692772831918352
rec_15122,2025-10-26T00:00:00Z,line104_ord14184,line104_ord14184_p0,26.4156134,-101.1777459,0.2748161360185463
rec_31677,2025-10-29T00:00:00Z,line1_ord48752,line1_ord48752_p0,30.55447848,-106.5191216,0.270789954831265
rec_28761,2025-10-25T00:00:00Z,line139_ord8564,line139_ord8564_p0,19.38184839,-96.74578753,0.2717062798788986
rec_38020,2025-10-28T00:00:00Z,line76_ord28298,line76_ord28298_p0,22.03255029,-99.22854375,0.2696731161902412
rec_27618,2025-10-26T00:00:00Z,line43_ord10345,line43_ord10345_p0,25.82035687,-99.49738866,0.2699046924902355
rec_33524,2025-10-28T00:00:00Z,line13_ord23933,line13_ord23933_p0,24.91976525,-100.9888223,0.2694457909195427
rec_7802,2025-10-26T00:00:00Z,line44_ord16270,line44_ord16270_p0,20.3636332,-90.0433216,0.268247531433449
rec_19332,2025-10-28T00:00:00Z,line119_ord15463,line119_ord15463_p0,30.27510078,-111.1091869,0.271949298319489
rec_24497,2025-10-25T00:00:00Z,line1_ord15511,line1_ord15511_p0,21.20239651,-101.902265,0.2749079785364294
rec_29121,2025-10-25T00:00:00Z,line33_ord22717,line33_ord22717_p0,23.54982618,-103.5853648,0.2708881974419099
rec_20026,2025-10-26T00:00:00Z,line44_ord8128,line44_ord8128_p0,17.66831927,-91.24328724,0.2706633138905205
rec_16935,2025-10-31T00:00:00Z,line13_ord4595,line13_ord4595_p0,20.62942169,-100.7431872,0.2684415975284584
rec_28731,2025-10-27T00:00:00Z,line1_ord16360,line1_ord16360_p0,22.60960112,-102.4437508,0.270683095052831
rec_30874,2025-10-26T00:00:00Z,line119_ord2898,line119_ord2898_p0,23.62271926,-106.7392949,0.2677983413798398
rec_3322,2025-10-26T00:00:00Z,line65_ord5150,line65_ord5150_p0,20.46635983,-103.4766204,0.2687086431944384
rec_18666,2025-10-26T00:00:00Z,line93_ord13267,line93_ord13267_p0,18.60206397,-101.9874991,0.2692568887644228
rec_6111,2025-10-31T00:00:00Z,line13_ord22908,line13_ord22908_p0,24.89179327,-100.9521721,0.268453829532536
rec_23074,2025-10-26T00:00:00Z,line102_ord883,line102_ord883_p0,28.49180736,-106.5759011,0.2691721463350926
rec_17020,2025-10-28T00:00:00Z,line107_ord1401,line107_ord1401_p0,27.74053975,-101.3591878,0.2688730764016438
rec_379,2025-10-27T00:00:00Z,line127_ord0,line127_ord0_p0,25.80463794,-108.4940406,0.2752749500684736
rec_32061,2025-10-29T00:00:00Z,line13_ord4119,line13_ord4119_p0,24.06810374,-100.909559,0.2698971453472477
rec_1352,2025-11-01T00:00:00Z,line68_ord10834,line68_ord10834_p0,19.99376206,-101.7580666,0.2749325560734073
rec_34716,2025-10-28T00:00:00Z,line147_ord7331,line147_ord7331_p0,18.99709825,-98.97500862,0.2694764250637496
rec_33711,2025-10-31T00:00:00Z,line88_ord24151,line88_ord24151_p0,19.56050455,-101.326733,0.272919800167045
rec_14049,2025-10-25T00:00:00Z,line1_ord9628,line1_ord9628_p0,26.96873536,-104.7130584,0.2678787113062848
rec_20566,2025-10-30T00:00:00Z,line1_ord14408,line1_ord14408_p0,27.69304927,-105.1668762,0.2682846720732726
rec_38938,2025-10-26T00:00:00Z,line44_ord1826,line44_ord1826_p0,19.40759848,-90.38939669,0.2690384276442233
rec_13952,2025-11-01T00:00:00Z,line136_ord7766,line136_ord7766_p0,30.47599869,-111.7003059,0.2731181925877828
rec_7892,2025-10-28T00:00:00Z,line13_ord13714,line13_ord13714_p0,24.49228025,-100.8658143,0.2733675808330719
rec_19909,2025-10-29T00:00:00Z,line65_ord37112,line65_ord37112_p0,19.60970619,-103.4188887,0.2736947474015035
rec_31023,2025-10-31T00:00:00Z,line82_ord438,line82_ord438_p0,22.21825092,-97.84514317,0.2737365155278645
rec_11777,2025-10-25T00:00:00Z,line1_ord1408,line1_ord1408_p0,20.51079107,-100.9760103,0.2678288486974556
rec_18292,2025-10-28T00:00:00Z,line108_ord7715,line108_ord7715_p0,26.95338277,-102.1638396,0.2687765847333208
rec_19402,2025-10-26T00:00:00Z,line119_ord9428,line119_ord9428_p0,20.81556021,-103.6941282,0.2713700853106158
rec_1346,2025-10-26T00:00:00Z,line68_ord10834,line68_ord10834_p0,19.99376206,-101.7580666,0.2696159581697303
rec_10649,2025-10-25T00:00:00Z,line82_ord9582,line82_ord9582_p0,23.45122445,-98.84351136,0.274043772031771
rec_35721,2025-10-25T00:00:00Z,line119_ord1098,line119_ord1098_p0,20.7421842,-103.6044325,0.2742765969566277
rec_37279,2025-10-31T00:00:00Z,line104_ord21088,line104_ord21088_p0,26.13067156,-101.074959,0.2690025691289465
rec_38425,2025-10-25T00:00:00Z,line1_ord26402,line1_ord26402_p0,22.85755146,-102.6461898,0.2695517484571509
rec_6592,2025-11-01T00:00:00Z,line90_ord12007,line90_ord12007_p0,20.44184124,-100.7858938,0.2727261647615767
rec_21666,2025-10-26T00:00:00Z,line139_ord8231,line139_ord8231_p0,19.51194175,-98.21691189,0.269148101366529
rec_5067,2025-10-27T00:00:00Z,line94_ord5771,line94_ord5771_p0,19.42828903,-101.9851299,0.2701224059846751
rec_7974,2025-10-30T00:00:00Z,line83_ord10226,line83_ord10226_p0,22.72940806,-98.97430952,0.2680127815688243
rec_17896,2025-11-01T00:00:00Z,line119_ord10897,line119_ord10897_p0,28.49449212,-110.6825012,0.2738211565337499
rec_33308,2025-10-28T00:00:00Z,line139_ord15868,line139_ord15868_p0,19.64175832,-97.05819267,0.2694153302436972
rec_37033,2025-10-25T00:00:00Z,line120_ord6614,line120_ord6614_p0,31.25421663,-110.7749884,0.2732689156833744
rec_863,2025-10-31T00:00:00Z,line76_ord0,line76_ord0_p0,22.30240171,-100.0429611,0.2719300547114391
rec_26098,2025-10-26T00:00:00Z,line69_ord744,line69_ord744_p0,19.63121724,-103.3938775,0.2717868650054089
rec_6672,2025-11-01T00:00:00Z,line44_ord4174,line44_ord4174_p0,17.59598071,-92.60829161,0.2698663923734961
rec_34755,2025-10-27T00:00:00Z,line1_ord14587,line1_ord14587_p0,24.09048423,-102.4607353,0.2683948348358568
rec_31913,2025-10-25T00:00:00Z,line108_ord25,line108_ord25_p0,26.93430012,-101.4490014,0.2687618243454311
rec_13681,2025-10-25T00:00:00Z,line147_ord2835,line147_ord2835_p0,19.22474296,-98.92785861,0.2737804190060402
rec_1715,2025-10-27T00:00:00Z,line18_ord10001,line18_ord10001_p0,21.16392343,-100.6697325,0.270908777234602
rec_30117,2025-10-29T00:00:00Z,line87_ord9067,line87_ord9067_p0,20.2124179,-99.70771425,0.2709889946843519
rec_33934,2025-10-30T00:00:00Z,line136_ord7071,line136_ord7071_p0,30.49050642,-111.7239384,0.270100141242808
rec_23524,2025-10-28T00:00:00Z,line139_ord5977,line139_ord5977_p0,19.5937713,-98.88750843,0.2692115521307999
rec_30391,2025-10-31T00:00:00Z,line13_ord33255,line13_ord33255_p0,27.2143143,-100.1612201,0.2752922312141694
rec_21906,2025-10-26T00:00:00Z,line13_ord12458,line13_ord12458_p0,23.07492498,-101.03298,0.2685881807251477
rec_33601,2025-10-25T00:00:00Z,line13_ord21278,line13_ord21278_p0,24.82754745,-100.9245877,0.2743676615220284
rec_38336,2025-11-01T00:00:00Z,line114_ord1985,line114_ord1985_p0,19.38592988,-98.05124862,0.2682085301552103
rec_10032,2025-11-01T00:00:00Z,line59_ord4322,line59_ord4322_p0,20.00500019,-98.77025821,0.2681980530037334
rec_15756,2025-10-28T00:00:00Z,line120_ord23975,line120_ord23975_p0,30.56860694,-109.6342146,0.2704760084423261
rec_17409,2025-10-25T00:00:00Z,line136_ord16242,line136_ord16242_p0,30.36343774,-111.3788928,0.2714300867732702
rec_1104,2025-11-01T00:00:00Z,line13_ord0,line13_ord0_p0,27.47827209,-99.63576089,0.2708439281105052
rec_3837,2025-10-29T00:00:00Z,line120_ord10026,line120_ord10026_p0,31.29340797,-110.4278457,0.2715826465317068
rec_31699,2025-10-27T00:00:00Z,line1_ord44630,line1_ord44630_p0,25.01109967,-103.0676388,0.2692003382466402
rec_3827,2025-10-27T00:00:00Z,line65_ord24577,line65_ord24577_p0,19.95817382,-103.610289,0.2700687827701091
rec_34534,2025-10-30T00:00:00Z,line44_ord11524,line44_ord11524_p0,17.55985743,-92.35180272,0.274392793832393
rec_19297,2025-10-25T00:00:00Z,line53_ord5902,line53_ord5902_p0,18.79048215,-96.16338021,0.269138640546378
rec_20325,2025-10-29T00:00:00Z,line44_ord17995,line44_ord17995_p0,17.54802932,-92.81369057,0.2695727469803796
rec_29437,2025-10-29T00:00:00Z,line82_ord18652,line82_ord18652_p0,25.72479324,-102.3100403,0.2718442030769689
rec_30407,2025-10-31T00:00:00Z,line87_ord384,line87_ord384_p0,20.60397656,-100.3676705,0.271146560396973
rec_24822,2025-10-30T00:00:00Z,line44_ord12197,line44_ord12197_p0,17.80505894,-91.16581025,0.2707329306450007
rec_26925,2025-10-29T00:00:00Z,line83_ord21150,line83_ord21150_p0,22.25488009,-98.8483189,0.2688708096070171
rec_13032,2025-11-01T00:00:00Z,line119_ord7927,line119_ord7927_p0,31.00426404,-110.8879325,0.2684491603794466
rec_27916,2025-10-28T00:00:00Z,line1_ord16454,line1_ord16454_p0,29.29191988,-106.2721398,0.268928625021878
rec_19673,2025-10-25T00:00:00Z,line104_ord59,line104_ord59_p0,28.34147869,-100.8365268,0.2707735755001949
rec_13823,2025-10-31T00:00:00Z,line104_ord14171,line104_ord14171_p0,27.11712163,-101.3063707,0.2686739233298109
rec_15721,2025-10-25T00:00:00Z,line83_ord12819,line83_ord12819_p0,22.61602427,-98.94155054,0.2683501438771538
rec_14819,2025-10-27T00:00:00Z,line1_ord19376,line1_ord19376_p0,26.46860839,-104.0789328,0.2691134778626327
rec_31969,2025-10-25T00:00:00Z,line108_ord17102,line108_ord17102_p0,26.86192979,-104.1370438,0.2696410974928286
rec_32924,2025-10-28T00:00:00Z,line43_ord9972,line43_ord9972_p0,26.27165778,-98.83114123,0.2727250119119532
rec_3063,2025-10-31T00:00:00Z,line13_ord5442,line13_ord5442_p0,25.75717968,-100.7042105,0.2690137663810789
rec_3976,2025-11-01T00:00:00Z,line13_ord1742,line13_ord1742_p0,25.01618124,-101.0077088,0.2711833928543557
rec_3560,2025-11-01T00:00:00Z,line136_ord47716,line136_ord47716_p0,31.31269397,-113.504405,0.2764390385989455
rec_15991,2025-10-31T00:00:00Z,line29_ord1589,line29_ord1589_p0,24.07442424,-104.6411365,0.2708416980980123
rec_18217,2025-10-25T00:00:00Z,line65_ord5600,line65_ord5600_p0,20.53638531,-101.5438082,0.2738126255254901
rec_418,2025-10-26T00:00:00Z,line121_ord0,line121_ord0_p0,31.07491532,-110.1756677,0.2695667960493456
rec_16456,2025-11-01T00:00:00Z,line104_ord5303,line104_ord5303_p0,26.74328787,-101.4179685,0.2711689914428531
rec_11591,2025-10-31T00:00:00Z,line102_ord4838,line102_ord4838_p0,26.61462773,-108.4458879,0.2702859785815143
rec_25021,2025-10-29T00:00:00Z,line13_ord28617,line13_ord28617_p0,27.12814033,-100.3716839,0.2713037320799178
rec_19773,2025-10-29T00:00:00Z,line88_ord17486,line88_ord17486_p0,19.72622939,-101.1608566,0.2682344670808845
rec_20985,2025-10-25T00:00:00Z,line1_ord1455,line1_ord1455_p0,19.54680403,-99.18696626,0.274100947492664
rec_17565,2025-10-29T00:00:00Z,line119_ord5189,line119_ord5189_p0,28.73493308,-110.7562257,0.2687246548063895
rec_26518,2025-10-30T00:00:00Z,line128_ord5317,line128_ord5317_p0,24.75749571,-107.6822298,0.2727256467834449
rec_36477,2025-10-29T00:00:00Z,line44_ord4778,line44_ord4778_p0,21.0219879,-86.96778003,0.2708057950545948
rec_31340,2025-10-28T00:00:00Z,line82_ord1307,line82_ord1307_p0,22.43154389,-98.00528515,0.2696180825111186
rec_11108,2025-10-28T00:00:00Z,line88_ord13620,line88_ord13620_p0,19.18853727,-101.8672677,0.2685568758560311
rec_24790,2025-10-30T00:00:00Z,line68_ord9729,line68_ord9729_p0,20.03154094,-101.7345812,0.2680390227121348
rec_20002,2025-10-26T00:00:00Z,line1_ord1277,line1_ord1277_p0,19.53931171,-99.1848964,0.2703882910736017
rec_36646,2025-10-30T00:00:00Z,line78_ord20678,line78_ord20678_p0,23.12646998,-101.0519651,0.2743686001286168
rec_22869,2025-10-29T00:00:00Z,line119_ord1414,line119_ord1414_p0,23.12240125,-106.1849521,0.2710244214178293
rec_4120,2025-11-01T00:00:00Z,line76_ord10261,line76_ord10261_p0,22.44125374,-100.6373893,0.2704890921133571
rec_14622,2025-10-30T00:00:00Z,line76_ord4371,line76_ord4371_p0,22.17706561,-98.63147629,0.2727893817056468
rec_18678,2025-10-30T00:00:00Z,line82_ord625,line82_ord625_p0,23.07160122,-98.75832195,0.2700091846201504
rec_26859,2025-10-27T00:00:00Z,line114_ord836,line114_ord836_p0,19.41213011,-98.09831854,0.2741139813776576
rec_33928,2025-11-01T00:00:00Z,line120_ord3388,line120_ord3388_p0,31.21135391,-109.5446554,0.2684670134951863
rec_12737,2025-10-25T00:00:00Z,line102_ord16857,line102_ord16857_p0,28.90809908,-105.6579553,0.2689291980727424
rec_36880,2025-11-01T00:00:00Z,line88_ord31218,line88_ord31218_p0,19.54765138,-101.5906216,0.2699465654016995
rec_30079,2025-10-31T00:00:00Z,line155_ord25116,line155_ord25116_p0,16.63802573,-95.00947714,0.268055234138733
rec_378,2025-10-26T00:00:00Z,line127_ord0,line127_ord0_p0,25.80463794,-108.4940406,0.2749579401664999
rec_39478,2025-10-30T00:00:00Z,line17_ord697,line17_ord697_p0,20.64014639,-100.2170402,0.2709438979181968
rec_15070,2025-10-30T00:00:00Z,line102_ord9166,line102_ord9166_p0,29.20661921,-104.4424277,0.2690093291591264
rec_7044,2025-10-28T00:00:00Z,line104_ord7003,line104_ord7003_p0,27.40388873,-101.2924575,0.2738024474716257
rec_29717,2025-10-29T00:00:00Z,line44_ord16831,line44_ord16831_p0,17.56030292,-92.86332413,0.2687128824209862
rec_10478,2025-10-30T00:00:00Z,line88_ord12832,line88_ord12832_p0,19.79546793,-100.9960866,0.2735771132551352
rec_34661,2025-10-29T00:00:00Z,line136_ord2646,line136_ord2646_p0,32.17742201,-114.9729638,0.2677969611644685
rec_8759,2025-10-31T00:00:00Z,line82_ord4012,line82_ord4012_p0,25.92578153,-101.1325977,0.2760389781803392
rec_4645,2025-10-29T00:00:00Z,line114_ord12792,line114_ord12792_p0,19.0924504,-97.65899316,0.2725080663511501
rec_30837,2025-10-29T00:00:00Z,line1_ord33262,line1_ord33262_p0,23.14153133,-102.7641807,0.27057966144814
rec_11109,2025-10-29T00:00:00Z,line88_ord13620,line88_ord13620_p0,19.18853727,-101.8672677,0.2679363460805756
rec_34648,2025-11-01T00:00:00Z,line13_ord1247,line13_ord1247_p0,25.63533739,-100.8003886,0.269278384035636
rec_38942,2025-10-30T00:00:00Z,line44_ord1826,line44_ord1826_p0,19.40759848,-90.38939669,0.2681666651479942
rec_24900,2025-10-28T00:00:00Z,line88_ord12304,line88_ord12304_p0,19.58325761,-99.82217955,0.272740954056353
rec_38687,2025-10-31T00:00:00Z,line119_ord6068,line119_ord6068_p0,25.24261836,-107.9964141,0.2698384609689557
rec_4412,2025-10-28T00:00:00Z,line1_ord31077,line1_ord31077_p0,21.49706746,-102.2371491,0.271495715911886
rec_7339,2025-10-27T00:00:00Z,line119_ord5183,line119_ord5183_p0,20.70580053,-103.4593398,0.2727442413037427
rec_15861,2025-10-29T00:00:00Z,line1_ord1587,line1_ord1587_p0,26.7952745,-104.399607,0.2723576584259288
rec_28941,2025-10-29T00:00:00Z,line120_ord3959,line120_ord3959_p0,31.20459935,-110.2823104,0.2688313627047491
rec_21272,2025-11-01T00:00:00Z,line88_ord8376,line88_ord8376_p0,19.45810296,-99.7523672,0.2714693311889037
rec_28881,2025-10-25T00:00:00Z,line119_ord825,line119_ord825_p0,20.73516128,-103.6107035,0.2712767033997219
rec_5200,2025-11-01T00:00:00Z,line74_ord15741,line74_ord15741_p0,15.52235663,-92.97837957,0.273889733553386
rec_16760,2025-11-01T00:00:00Z,line119_ord4121,line119_ord4121_p0,23.03360713,-106.0984576,0.2700629961281545
rec_4565,2025-10-29T00:00:00Z,line76_ord22713,line76_ord22713_p0,22.19335872,-100.9797269,0.2759179548051847
rec_14018,2025-10-26T00:00:00Z,line38_ord5492,line38_ord5492_p0,17.60739823,-96.99995174,0.2727558704689175
rec_31553,2025-10-25T00:00:00Z,line13_ord5480,line13_ord5480_p0,26.18756301,-100.3496656,0.2693285110347127
rec_27059,2025-10-27T00:00:00Z,line38_ord17644,line38_ord17644_p0,17.29768919,-96.90273075,0.2679538362191788
rec_10156,2025-10-28T00:00:00Z,line136_ord70671,line136_ord70671_p0,30.88322536,-112.7765688,0.2687384471717423
rec_13015,2025-10-31T00:00:00Z,line65_ord216,line65_ord216_p0,19.00608783,-104.2589649,0.2707849533425036
rec_10234,2025-10-26T00:00:00Z,line1_ord6806,line1_ord6806_p0,26.03889086,-103.6832485,0.2694570015339719
rec_14271,2025-10-31T00:00:00Z,line136_ord13178,line136_ord13178_p0,30.38765051,-111.501937,0.2704931007636378
rec_25175,2025-10-31T00:00:00Z,line118_ord445,line118_ord445_p0,19.72701994,-99.0314553,0.2684802769294351
rec_18680,2025-11-01T00:00:00Z,line82_ord625,line82_ord625_p0,23.07160122,-98.75832195,0.2707317960450149
rec_12743,2025-10-31T00:00:00Z,line102_ord16857,line102_ord16857_p0,28.90809908,-105.6579553,0.2688371232770454
rec_1073,2025-10-25T00:00:00Z,line119_ord27134,line119_ord27134_p0,29.09445662,-110.9277433,0.268179955283575
rec_18911,2025-10-31T00:00:00Z,line137_ord1406,line137_ord1406_p0,32.62447191,-115.4531929,0.2697478152384631
rec_701,2025-10-29T00:00:00Z,line41_ord0,line41_ord0_p0,18.54944424,-97.43895497,0.2786804691274674
rec_33606,2025-10-30T00:00:00Z,line13_ord21278,line13_ord21278_p0,24.82754745,-100.9245877,0.270421145066922
rec_21439,2025-10-31T00:00:00Z,line102_ord7908,line102_ord7908_p0,27.28265112,-108.2185546,0.272881535408761
rec_7047,2025-10-31T00:00:00Z,line104_ord7003,line104_ord7003_p0,27.40388873,-101.2924575,0.2687613668281176
rec_35626,2025-10-26T00:00:00Z,line82_ord3432,line82_ord3432_p0,24.97412288,-99.65620593,0.2756235881287179
rec_10725,2025-10-29T00:00:00Z,line13_ord2425,line13_ord2425_p0,25.68810355,-100.3351885,0.2698707571810698
rec_6558,2025-10-30T00:00:00Z,line102_ord5316,line102_ord5316_p0,28.47473531,-106.7830675,0.2692892380752004
rec_11885,2025-10-29T00:00:00Z,line1_ord45176,line1_ord45176_p0,30.41154781,-106.5207209,0.2722139887323831
rec_6559,2025-10-31T00:00:00Z,line102_ord5316,line102_ord5316_p0,28.47473531,-106.7830675,0.2682557988451157
rec_30442,2025-10-26T00:00:00Z,line104_ord8613,line104_ord8613_p0,25.64780327,-100.9859866,0.2680237159303204
rec_10080,2025-11-01T00:00:00Z,line119_ord2806,line119_ord2806_p0,23.40995109,-106.5279188,0.2687470021110556
rec_30041,2025-10-25T00:00:00Z,line82_ord3732,line82_ord3732_p0,24.2674953,-99.23775433,0.2678274880869459
rec_3188,2025-10-28T00:00:00Z,line44_ord9458,line44_ord9458_p0,17.45264649,-91.61294236,0.2707993478374893
rec_27913,2025-10-25T00:00:00Z,line1_ord16454,line1_ord16454_p0,29.29191988,-106.2721398,0.2694964786554455
rec_7343,2025-10-31T00:00:00Z,line119_ord5183,line119_ord5183_p0,20.70580053,-103.4593398,0.2728035294917647
rec_37543,2025-10-31T00:00:00Z,line65_ord7191,line65_ord7191_p0,20.33914001,-102.6062761,0.27012954127564
rec_2786,2025-10-26T00:00:00Z,line102_ord7902,line102_ord7902_p0,27.28282412,-108.2186648,0.2725110924613492
rec_29404,2025-10-28T00:00:00Z,line136_ord86296,line136_ord86296_p0,30.71947374,-112.156502,0.2713239719154968
rec_20448,2025-11-01T00:00:00Z,line43_ord11147,line43_ord11147_p0,25.8453376,-99.47046156,0.2728278137985125
rec_7731,2025-10-27T00:00:00Z,line38_ord1019,line38_ord1019_p0,18.11365124,-97.11335381,0.2702005771931249
rec_3620,2025-10-28T00:00:00Z,line1_ord46343,line1_ord46343_p0,25.03773111,-103.1455133,0.2704586492023753
rec_1240,2025-11-01T00:00:00Z,line82_ord0,line82_ord0_p0,23.04446696,-98.75314399,0.2692595688890719
rec_21487,2025-10-31T00:00:00Z,line119_ord7727,line119_ord7727_p0,30.5612137,-111.0950223,0.2700950474993036
rec_13531,2025-10-27T00:00:00Z,line65_ord4105,line65_ord4105_p0,20.36645007,-101.856489,0.2696098667071048
rec_8458,2025-10-26T00:00:00Z,line139_ord15118,line139_ord15118_p0,19.64549049,-97.07924776,0.2698597967945061
rec_1210,2025-10-26T00:00:00Z,line119_ord3022,line119_ord3022_p0,23.23169614,-106.3923192,0.2687729640972086
rec_35297,2025-10-25T00:00:00Z,line74_ord5989,line74_ord5989_p0,16.45723432,-94.8997784,0.2686007614499291
rec_6840,2025-11-01T00:00:00Z,line52_ord5504,line52_ord5504_p0,18.11222084,-95.87904953,0.2680522495611503
rec_25518,2025-10-30T00:00:00Z,line139_ord2908,line139_ord2908_p0,19.19841032,-96.15426963,0.2724762153243856
rec_11878,2025-10-30T00:00:00Z,line82_ord4776,line82_ord4776_p0,24.31180295,-99.24164218,0.2725917894238626
rec_39697,2025-10-25T00:00:00Z,line65_ord4628,line65_ord4628_p0,19.18873678,-103.8205846,0.2733714345789387
rec_37240,2025-11-01T00:00:00Z,line83_ord6611,line83_ord6611_p0,22.88240594,-98.98840476,0.2708381510362891
rec_10195,2025-10-27T00:00:00Z,line136_ord52006,line136_ord52006_p0,31.32077901,-113.3291928,0.269303159780104
rec_29196,2025-10-28T00:00:00Z,line120_ord18111,line120_ord18111_p0,31.3329369,-109.7461607,0.2715475547567231
rec_36863,2025-10-31T00:00:00Z,line13_ord2006,line13_ord2006_p0,22.46844398,-101.02883,0.271279507751935
rec_37693,2025-10-29T00:00:00Z,line82_ord17408,line82_ord17408_p0,24.7920199,-99.51250568,0.2701102737142199
rec_31301,2025-10-29T00:00:00Z,line52_ord10757,line52_ord10757_p0,17.73861792,-95.13362032,0.2699261226684751
rec_6494,2025-10-30T00:00:00Z,line147_ord12893,line147_ord12893_p0,18.81920343,-98.9262568,0.2680851566052344
rec_11744,2025-11-01T00:00:00Z,line130_ord145,line130_ord145_p0,23.22643259,-106.3948807,0.2685009383927022
rec_15066,2025-10-26T00:00:00Z,line102_ord9166,line102_ord9166_p0,29.20661921,-104.4424277,0.2704655659387979
rec_23726,2025-10-30T00:00:00Z,line44_ord10548,line44_ord10548_p0,17.54610428,-93.10670835,0.2696973299773884
rec_7651,2025-10-27T00:00:00Z,line119_ord31563,line119_ord31563_p0,21.0974055,-104.7256312,0.2686711966132157
rec_28508,2025-10-28T00:00:00Z,line108_ord15681,line108_ord15681_p0,26.87083479,-104.0664403,0.2696120276932572
rec_17893,2025-10-29T00:00:00Z,line119_ord10897,line119_ord10897_p0,28.49449212,-110.6825012,0.2721568340370014
rec_18813,2025-10-29T00:00:00Z,line44_ord17267,line44_ord17267_p0,20.40527081,-90.03997814,0.2690175241632767
rec_17786,2025-10-26T00:00:00Z,line33_ord21315,line33_ord21315_p0,23.69559696,-102.8031544,0.27145102215696
rec_38873,2025-10-25T00:00:00Z,line139_ord13702,line139_ord13702_p0,19.35739946,-96.56804919,0.2695563120655637
rec_36920,2025-11-01T00:00:00Z,line119_ord1802,line119_ord1802_p0,23.83485825,-106.8874333,0.271426245147583
rec_7734,2025-10-30T00:00:00Z,line38_ord1019,line38_ord1019_p0,18.11365124,-97.11335381,0.2692403355426233
rec_15985,2025-10-25T00:00:00Z,line29_ord1589,line29_ord1589_p0,24.07442424,-104.6411365,0.2684957868984824
rec_14423,2025-10-31T00:00:00Z,line138_ord15206,line138_ord15206_p0,32.58043447,-116.5374007,0.2686470340535062
rec_6185,2025-10-25T00:00:00Z,line102_ord6646,line102_ord6646_p0,29.22313576,-105.3971646,0.2706393364930078
rec_17899,2025-10-27T00:00:00Z,line44_ord9071,line44_ord9071_p0,17.45167076,-91.62855756,0.2678249093451435
rec_16106,2025-10-26T00:00:00Z,line13_ord1710,line13_ord1710_p0,26.02826562,-100.299836,0.2678401366292538
rec_12808,2025-11-01T00:00:00Z,line119_ord1260,line119_ord1260_p0,30.11356255,-111.0760468,0.2684925370031344
rec_21623,2025-10-31T00:00:00Z,line74_ord6712,line74_ord6712_p0,16.46373815,-94.8668608,0.2692543631332572
rec_31091,2025-10-27T00:00:00Z,line13_ord954,line13_ord954_p0,27.25638355,-100.0977602,0.268323408855382
rec_38648,2025-11-01T00:00:00Z,line119_ord10844,line119_ord10844_p0,29.765616,-110.9540361,0.2681762990771812
rec_5945,2025-10-25T00:00:00Z,line74_ord12430,line74_ord12430_p0,16.23687101,-93.99561912,0.2708618627314044
rec_11305,2025-10-25T00:00:00Z,line1_ord4356,line1_ord4356_p0,26.84130328,-104.5142203,0.2709023561465832
rec_37904,2025-11-01T00:00:00Z,line88_ord6511,line88_ord6511_p0,19.99773606,-100.4966228,0.2705330916600261
rec_8253,2025-10-29T00:00:00Z,line65_ord27728,line65_ord27728_p0,19.83951019,-103.5607995,0.268514993255953
rec_22265,2025-10-25T00:00:00Z,line1_ord16109,line1_ord16109_p0,29.27646669,-106.271244,0.2712011534969425
rec_33522,2025-10-26T00:00:00Z,line13_ord23933,line13_ord23933_p0,24.91976525,-100.9888223,0.2702180650174214
rec_16755,2025-10-27T00:00:00Z,line119_ord4121,line119_ord4121_p0,23.03360713,-106.0984576,0.2689237986333564
rec_36763,2025-10-27T00:00:00Z,line13_ord292,line13_ord292_p0,25.79594711,-100.6386578,0.27248988285421
rec_4510,2025-10-30T00:00:00Z,line65_ord16838,line65_ord16838_p0,20.23566093,-103.5836082,0.2706198320972692
rec_11455,2025-10-31T00:00:00Z,line119_ord14213,line119_ord14213_p0,20.83837876,-103.7233986,0.2695469424937365
rec_18545,2025-10-25T00:00:00Z,line139_ord2757,line139_ord2757_p0,19.45897886,-98.8978629,0.2682515080309529
rec_26687,2025-10-31T00:00:00Z,line17_ord2210,line17_ord2210_p0,21.6559298,-100.8494064,0.2708583721555197
rec_2335,2025-10-31T00:00:00Z,line76_ord1295,line76_ord1295_p0,22.29159983,-99.98118906,0.2687624028657447
rec_7646,2025-10-30T00:00:00Z,line82_ord1485,line82_ord1485_p0,25.80382807,-100.3317145,0.2732596833140145
rec_24416,2025-11-01T00:00:00Z,line39_ord2749,line39_ord2749_p0,18.66052667,-97.41974586,0.2699050430898277
rec_23829,2025-10-29T00:00:00Z,line17_ord3689,line17_ord3689_p0,21.65568544,-100.8914191,0.2710670809338961
rec_9491,2025-10-27T00:00:00Z,line38_ord21470,line38_ord21470_p0,17.19847609,-96.80294397,0.2698711462345896
rec_4710,2025-10-30T00:00:00Z,line38_ord4310,line38_ord4310_p0,18.01275022,-97.07899706,0.2686416745690545
rec_38786,2025-10-26T00:00:00Z,line13_ord2273,line13_ord2273_p0,22.27435135,-100.9841078,0.2697139600480388
rec_39841,2025-10-25T00:00:00Z,line119_ord3865,line119_ord3865_p0,26.57180907,-109.1524542,0.2702453183223451
rec_18546,2025-10-26T00:00:00Z,line139_ord2757,line139_ord2757_p0,19.45897886,-98.8978629,0.2687166660233523
rec_30691,2025-10-27T00:00:00Z,line1_ord4241,line1_ord4241_p0,20.87391552,-101.405534,0.2687432353168926
rec_16276,2025-10-28T00:00:00Z,line102_ord12131,line102_ord12131_p0,28.41356242,-107.0631517,0.2679473901812775
rec_23164,2025-10-28T00:00:00Z,line65_ord1254,line65_ord1254_p0,20.37334554,-101.7275251,0.2692514893583003
rec_16137,2025-10-25T00:00:00Z,line114_ord4507,line114_ord4507_p0,19.76546025,-98.66561737,0.2718859930631547
rec_20727,2025-10-31T00:00:00Z,line31_ord2868,line31_ord2868_p0,25.03773307,-105.4167333,0.2752956535660921
rec_25661,2025-10-29T00:00:00Z,line33_ord24974,line33_ord24974_p0,23.62068774,-103.5499199,0.2726791295548973
rec_18839,2025-10-31T00:00:00Z,line88_ord12166,line88_ord12166_p0,19.81677118,-101.009428,0.2678234558200865
rec_12056,2025-11-01T00:00:00Z,line88_ord20957,line88_ord20957_p0,19.64167833,-101.2507003,0.2717583194557315
rec_12199,2025-10-31T00:00:00Z,line102_ord8557,line102_ord8557_p0,27.28556602,-108.2279074,0.272241345562965
rec_34628,2025-10-28T00:00:00Z,line104_ord2407,line104_ord2407_p0,27.60311341,-101.3453414,0.2696937064918746
rec_26602,2025-10-26T00:00:00Z,line44_ord5181,line44_ord5181_p0,17.90244896,-94.16366125,0.2715080492265839
rec_26513,2025-10-25T00:00:00Z,line128_ord5317,line128_ord5317_p0,24.75749571,-107.6822298,0.2696487354785679
rec_8062,2025-10-30T00:00:00Z,line44_ord15244,line44_ord15244_p0,20.3283641,-90.06193367,0.269174225773636
rec_9947,2025-10-27T00:00:00Z,line52_ord3856,line52_ord3856_p0,18.75983484,-96.85470122,0.2679077265166695
rec_15761,2025-10-25T00:00:00Z,line136_ord50253,line136_ord50253_p0,31.33147516,-113.400093,0.271374873638793
rec_10090,2025-10-26T00:00:00Z,line13_ord8221,line13_ord8221_p0,25.22332563,-101.0854089,0.2738093455022821
rec_11017,2025-10-25T00:00:00Z,line13_ord11685,line13_ord11685_p0,20.23449344,-99.65018713,0.269141600056928
rec_31399,2025-10-31T00:00:00Z,line22_ord2730,line22_ord2730_p0,27.47348628,-99.52491658,0.273647685496194
rec_38657,2025-10-25T00:00:00Z,line1_ord78,line1_ord78_p0,20.62776631,-101.272176,0.2698114400403831
rec_39183,2025-10-31T00:00:00Z,line82_ord726,line82_ord726_p0,22.23016707,-97.83998772,0.2719294295559396
rec_15369,2025-10-25T00:00:00Z,line13_ord4804,line13_ord4804_p0,26.15939139,-100.3379699,0.2707280062109259
rec_39288,2025-11-01T00:00:00Z,line65_ord9042,line65_ord9042_p0,20.49717722,-103.6320529,0.2719292629009677
rec_3920,2025-11-01T00:00:00Z,line78_ord18,line78_ord18_p0,22.61720886,-101.7194712,0.2709455302237754
rec_26656,2025-11-01T00:00:00Z,line1_ord47094,line1_ord47094_p0,30.48826292,-106.5223394,0.2698966216157025
rec_31220,2025-10-28T00:00:00Z,line119_ord7853,line119_ord7853_p0,31.00718614,-110.8881347,0.2683372284409707
rec_22870,2025-10-30T00:00:00Z,line119_ord1414,line119_ord1414_p0,23.12240125,-106.1849521,0.2692901092062363
rec_13217,2025-10-25T00:00:00Z,line102_ord17583,line102_ord17583_p0,27.07734828,-108.3727274,0.2684503630427571
rec_18468,2025-10-28T00:00:00Z,line74_ord1992,line74_ord1992_p0,15.83840704,-93.45386786,0.2693967389958194
rec_946,2025-10-26T00:00:00Z,line149_ord0,line149_ord0_p0,19.67073979,-98.84668749,0.2701504305366115
rec_18814,2025-10-30T00:00:00Z,line44_ord17267,line44_ord17267_p0,20.40527081,-90.03997814,0.2692547849603243
rec_8657,2025-10-25T00:00:00Z,line1_ord42881,line1_ord42881_p0,30.32275187,-106.5058949,0.2734248265384612
rec_23107,2025-10-27T00:00:00Z,line155_ord806,line155_ord806_p0,17.38966529,-95.02565465,0.2712606777304094
rec_33867,2025-10-27T00:00:00Z,line18_ord2278,line18_ord2278_p0,20.86071713,-100.7973247,0.2712166306516997
rec_26160,2025-11-01T00:00:00Z,line155_ord1559,line155_ord1559_p0,17.36086654,-95.016257,0.2709509286456326
rec_33319,2025-10-31T00:00:00Z,line28_ord4800,line28_ord4800_p0,25.195319,-103.630612,0.2716831112315892
rec_36330,2025-10-26T00:00:00Z,line65_ord3930,line65_ord3930_p0,19.528802,-103.4294562,0.2703413059145073
rec_1538,2025-10-26T00:00:00Z,line68_ord19344,line68_ord19344_p0,19.72309358,-101.6899969,0.2711678778663509
rec_16103,2025-10-31T00:00:00Z,line74_ord5697,line74_ord5697_p0,16.45467623,-94.91301625,0.2692113054836416
rec_8243,2025-10-27T00:00:00Z,line77_ord3782,line77_ord3782_p0,22.13356136,-100.0325474,0.2727984336489835
rec_13841,2025-10-25T00:00:00Z,line38_ord10592,line38_ord10592_p0,18.84367008,-97.72625195,0.2705304602172103
rec_6941,2025-10-29T00:00:00Z,line119_ord8031,line119_ord8031_p0,28.61679819,-110.7035225,0.2734297773400907
rec_1891,2025-10-27T00:00:00Z,line80_ord1445,line80_ord1445_p0,14.84532353,-92.35096757,0.2717174185676104
rec_25022,2025-10-30T00:00:00Z,line13_ord28617,line13_ord28617_p0,27.12814033,-100.3716839,0.2726813540394793
rec_21326,2025-10-30T00:00:00Z,line76_ord7015,line76_ord7015_p0,22.16282042,-99.75300853,0.2678981011403478
rec_30044,2025-10-28T00:00:00Z,line82_ord3732,line82_ord3732_p0,24.2674953,-99.23775433,0.2686965798568904
rec_31568,2025-11-01T00:00:00Z,line74_ord4527,line74_ord4527_p0,15.18841302,-92.56042904,0.2680031662569815
rec_9688,2025-11-01T00:00:00Z,line102_ord8782,line102_ord8782_p0,28.40228182,-106.9106209,0.2684951235634455
rec_5204,2025-10-28T00:00:00Z,line1_ord21576,line1_ord21576_p0,26.54346861,-104.1488856,0.2722509926663723
rec_3619,2025-10-27T00:00:00Z,line1_ord46343,line1_ord46343_p0,25.03773111,-103.1455133,0.2683821843569282
rec_8461,2025-10-29T00:00:00Z,line139_ord15118,line139_ord15118_p0,19.64549049,-97.07924776,0.2735420961343649
rec_24810,2025-10-26T00:00:00Z,line120_ord15713,line120_ord15713_p0,31.33353563,-109.8237959,0.2694962970211927
rec_7647,2025-10-31T00:00:00Z,line82_ord1485,line82_ord1485_p0,25.80382807,-100.3317145,0.2686200905636026
rec_2997,2025-10-29T00:00:00Z,line136_ord18896,line136_ord18896_p0,31.76088384,-114.4586684,0.2748266132971456
rec_30118,2025-10-30T00:00:00Z,line87_ord9067,line87_ord9067_p0,20.2124179,-99.70771425,0.2763835225667873
rec_8359,2025-10-31T00:00:00Z,line147_ord546,line147_ord546_p0,19.09439664,-98.78558455,0.2681792397214066
rec_33706,2025-10-26T00:00:00Z,line88_ord24151,line88_ord24151_p0,19.56050455,-101.326733,0.2740839386762186
rec_24635,2025-10-27T00:00:00Z,line76_ord2521,line76_ord2521_p0,21.99232193,-98.9532784,0.2687445066376596
rec_12350,2025-10-30T00:00:00Z,line1_ord32134,line1_ord32134_p0,23.09464375,-102.7446009,0.2723662077738234
rec_28025,2025-10-25T00:00:00Z,line1_ord16203,line1_ord16203_p0,29.28068591,-106.271527,0.2679456285973059
rec_27917,2025-10-29T00:00:00Z,line1_ord16454,line1_ord16454_p0,29.29191988,-106.2721398,0.2682786521917019
rec_10169,2025-10-25T00:00:00Z,line76_ord9773,line76_ord9773_p0,22.2285331,-98.37610376,0.271066102079891
rec_24164,2025-10-28T00:00:00Z,line88_ord5769,line88_ord5769_p0,19.91655705,-100.2029255,0.2707081833333212
rec_31557,2025-10-29T00:00:00Z,line13_ord5480,line13_ord5480_p0,26.18756301,-100.3496656,0.2685778302508734
rec_23353,2025-10-25T00:00:00Z,line82_ord10842,line82_ord10842_p0,25.93982086,-100.8941371,0.2699396193245084
rec_27881,2025-10-25T00:00:00Z,line82_ord6614,line82_ord6614_p0,22.58289505,-98.18644186,0.2705482918798236
rec_9065,2025-10-25T00:00:00Z,line139_ord5517,line139_ord5517_p0,19.49308707,-97.41134167,0.270907023061634
rec_11358,2025-10-30T00:00:00Z,line155_ord10190,line155_ord10190_p0,17.07414255,-95.04068985,0.272491652853997
rec_33275,2025-10-27T00:00:00Z,line43_ord31234,line43_ord31234_p0,25.99151702,-97.88245292,0.2697795187437327
rec_10337,2025-10-25T00:00:00Z,line121_ord2012,line121_ord2012_p0,31.01524594,-110.2522203,0.2694350345933391
rec_9785,2025-10-25T00:00:00Z,line114_ord1393,line114_ord1393_p0,19.06123478,-96.37108041,0.2700507403660553
rec_34695,2025-10-31T00:00:00Z,line43_ord11646,line43_ord11646_p0,25.8610459,-99.45364713,0.268999803574328
rec_13711,2025-10-31T00:00:00Z,line114_ord1244,line114_ord1244_p0,18.96272095,-96.73363689,0.2706538540475003
rec_27596,2025-10-28T00:00:00Z,line119_ord45906,line119_ord45906_p0,21.03746875,-104.2477243,0.2712121636355427
rec_11161,2025-10-25T00:00:00Z,line128_ord4372,line128_ord4372_p0,24.76184562,-107.6357437,0.2681167912908347
rec_33996,2025-10-28T00:00:00Z,line139_ord4009,line139_ord4009_p0,19.51034428,-98.87844397,0.2716626638713012
rec_18444,2025-10-28T00:00:00Z,line1_ord19235,line1_ord19235_p0,24.25956211,-102.4078043,0.2688432176090978
rec_10743,2025-10-31T00:00:00Z,line1_ord8323,line1_ord8323_p0,26.09750976,-103.7172065,0.2683403936052424
rec_21785,2025-10-25T00:00:00Z,line119_ord4641,line119_ord4641_p0,27.98477334,-110.8105774,0.2717093836036556
rec_22052,2025-10-28T00:00:00Z,line143_ord5507,line143_ord5507_p0,19.4759564,-98.52112508,0.2723501040260744
rec_11830,2025-10-30T00:00:00Z,line1_ord8704,line1_ord8704_p0,28.36903666,-105.7933102,0.2703507463203428
rec_36645,2025-10-29T00:00:00Z,line78_ord20678,line78_ord20678_p0,23.12646998,-101.0519651,0.27615122047072
rec_2187,2025-10-27T00:00:00Z,line88_ord17861,line88_ord17861_p0,19.15372303,-101.9845691,0.2681304534530593
rec_27884,2025-10-28T00:00:00Z,line82_ord6614,line82_ord6614_p0,22.58289505,-98.18644186,0.2681046353326812
rec_13710,2025-10-30T00:00:00Z,line114_ord1244,line114_ord1244_p0,18.96272095,-96.73363689,0.2726127790413009
rec_33734,2025-10-30T00:00:00Z,line147_ord2970,line147_ord2970_p0,19.21976483,-98.92426391,0.2724305140404293
rec_6245,2025-10-29T00:00:00Z,line88_ord35130,line88_ord35130_p0,19.49550726,-101.7271834,0.2727492773344734
rec_6434,2025-10-26T00:00:00Z,line127_ord209,line127_ord209_p0,25.80081355,-108.486165,0.2708444629789707
rec_18983,2025-10-31T00:00:00Z,line65_ord9898,line65_ord9898_p0,20.36916698,-102.7177998,0.2683383537180842
rec_1925,2025-10-29T00:00:00Z,line1_ord229,line1_ord229_p0,31.65450436,-106.4483336,0.277389463724447
rec_34082,2025-10-26T00:00:00Z,line52_ord13303,line52_ord13303_p0,17.68644619,-95.04135172,0.2724484923662532
rec_36929,2025-10-25T00:00:00Z,line86_ord1393,line86_ord1393_p0,25.66150262,-99.89316246,0.2714837072606053
rec_12832,2025-11-01T00:00:00Z,line155_ord8422,line155_ord8422_p0,17.84402462,-94.88958195,0.2724001123277556
rec_39925,2025-10-29T00:00:00Z,line108_ord2113,line108_ord2113_p0,27.00223593,-101.5604582,0.272142080213981
rec_23129,2025-10-25T00:00:00Z,line1_ord22061,line1_ord22061_p0,24.33207169,-102.3642093,0.2703212064557011
rec_9012,2025-10-28T00:00:00Z,line76_ord676,line76_ord676_p0,22.2186033,-97.84486405,0.2711769590590135
rec_29659,2025-10-27T00:00:00Z,line102_ord3353,line102_ord3353_p0,29.4133785,-104.3504036,0.2709477056339596
rec_29766,2025-10-30T00:00:00Z,line28_ord31487,line28_ord31487_p0,25.08922461,-103.813059,0.2709113257804839
rec_35629,2025-10-29T00:00:00Z,line82_ord3432,line82_ord3432_p0,24.97412288,-99.65620593,0.2710068519416676
rec_32112,2025-11-01T00:00:00Z,line156_ord976,line156_ord976_p0,18.02092123,-94.58661848,0.2696103104259838
rec_23802,2025-10-26T00:00:00Z,line26_ord515,line26_ord515_p0,18.77512602,-99.17673153,0.272140184135295
rec_312,2025-11-01T00:00:00Z,line86_ord0,line86_ord0_p0,25.57871534,-99.87382782,0.2693161103288075
rec_37275,2025-10-27T00:00:00Z,line104_ord21088,line104_ord21088_p0,26.13067156,-101.074959,0.2692469718713505
rec_34825,2025-10-25T00:00:00Z,line90_ord411,line90_ord411_p0,20.55093627,-100.792713,0.2700139373792902
rec_33510,2025-10-30T00:00:00Z,line73_ord2013,line73_ord2013_p0,20.09571985,-99.50013585,0.2700931392018064
rec_27479,2025-10-31T00:00:00Z,line45_ord871,line45_ord871_p0,20.86664776,-88.46738649,0.2696190990984652
rec_13450,2025-10-26T00:00:00Z,line44_ord5327,line44_ord5327_p0,17.5983054,-93.2153015,0.2683242867008389
rec_26924,2025-10-28T00:00:00Z,line83_ord21150,line83_ord21150_p0,22.25488009,-98.8483189,0.2737856726248069
rec_4178,2025-10-26T00:00:00Z,line119_ord1624,line119_ord1624_p0,22.42380559,-105.3233511,0.2718586611741909
rec_14961,2025-10-25T00:00:00Z,line33_ord8892,line33_ord8892_p0,23.67265125,-103.2187318,0.2680489036197144
rec_20484,2025-10-28T00:00:00Z,line13_ord2163,line13_ord2163_p0,19.71206419,-99.17517307,0.2685114002158477
rec_34069,2025-10-29T00:00:00Z,line82_ord75,line82_ord75_p0,25.68843246,-100.1376539,0.2714234703206378
rec_28510,2025-10-30T00:00:00Z,line108_ord15681,line108_ord15681_p0,26.87083479,-104.0664403,0.2690248059873438
rec_39921,2025-10-25T00:00:00Z,line108_ord2113,line108_ord2113_p0,27.00223593,-101.5604582,0.2689337007577871
rec_2261,2025-10-29T00:00:00Z,line1_ord38401,line1_ord38401_p0,24.85689064,-102.8212232,0.2738329153263881
rec_2578,2025-10-26T00:00:00Z,line1_ord1830,line1_ord1830_p0,31.71360501,-106.4646038,0.2692102359054624
rec_32004,2025-10-28T00:00:00Z,line53_ord11881,line53_ord11881_p0,18.54781369,-96.2513592,0.2698952096688903
rec_30505,2025-10-25T00:00:00Z,line44_ord7445,line44_ord7445_p0,17.46646888,-91.6988207,0.2746533725929543
rec_17277,2025-10-29T00:00:00Z,line102_ord3501,line102_ord3501_p0,26.01966006,-108.7870205,0.2708025677696694
rec_34756,2025-10-28T00:00:00Z,line1_ord14587,line1_ord14587_p0,24.09048423,-102.4607353,0.2705360509308297
rec_20193,2025-10-25T00:00:00Z,line60_ord4299,line60_ord4299_p0,19.79087686,-98.58632072,0.2700282991425988
rec_30653,2025-10-29T00:00:00Z,line59_ord483,line59_ord483_p0,19.87491191,-98.88880661,0.2713844383417048
rec_38320,2025-11-01T00:00:00Z,line114_ord8589,line114_ord8589_p0,19.54009877,-98.2744631,0.2680149094826514
rec_14975,2025-10-31T00:00:00Z,line1_ord4668,line1_ord4668_p0,25.94944781,-103.6475389,0.2691880705614436
rec_7818,2025-10-26T00:00:00Z,line76_ord17584,line76_ord17584_p0,22.23602917,-98.01591874,0.2716242095415505
rec_4890,2025-10-26T00:00:00Z,line102_ord21301,line102_ord21301_p0,27.84597434,-107.581643,0.2720753262199423
rec_17160,2025-11-01T00:00:00Z,line65_ord11098,line65_ord11098_p0,20.35211334,-102.1445557,0.2707301550004288
rec_35889,2025-10-25T00:00:00Z,line1_ord3059,line1_ord3059_p0,20.32571935,-99.93228882,0.2752038518178867
rec_30028,2025-10-28T00:00:00Z,line108_ord7433,line108_ord7433_p0,27.02073614,-103.702893,0.2681980576254075
rec_32698,2025-10-26T00:00:00Z,line102_ord21961,line102_ord21961_p0,28.83929898,-105.8743043,0.2695937956128845
rec_21604,2025-10-28T00:00:00Z,line83_ord25103,line83_ord25103_p0,22.07916591,-98.81346954,0.2743656776069959
rec_39239,2025-10-31T00:00:00Z,line104_ord486,line104_ord486_p0,27.673541,-101.3067987,0.267959086968468
rec_10036,2025-10-28T00:00:00Z,line76_ord2311,line76_ord2311_p0,22.02238612,-102.1561679,0.2733794848678211
rec_36732,2025-10-28T00:00:00Z,line120_ord9973,line120_ord9973_p0,31.16647431,-110.7201409,0.2700166247936142
rec_27064,2025-11-01T00:00:00Z,line38_ord17644,line38_ord17644_p0,17.29768919,-96.90273075,0.2693173689194164
rec_38516,2025-10-28T00:00:00Z,line1_ord13740,line1_ord13740_p0,26.27531242,-103.8990985,0.2699858675695736
rec_23151,2025-10-31T00:00:00Z,line139_ord6460,line139_ord6460_p0,19.56002674,-98.27684073,0.2681246219304087
rec_32845,2025-10-29T00:00:00Z,line102_ord846,line102_ord846_p0,28.46940757,-107.3596084,0.268450906037089
rec_17955,2025-10-27T00:00:00Z,line1_ord27814,line1_ord27814_p0,24.54886978,-102.4351358,0.2681267900821572
rec_20639,2025-10-31T00:00:00Z,line74_ord2212,line74_ord2212_p0,16.16660458,-93.8360164,0.2703677018511387
rec_33068,2025-10-28T00:00:00Z,line74_ord1723,line74_ord1723_p0,16.25135381,-93.92458271,0.2690755083019075
rec_30789,2025-10-29T00:00:00Z,line13_ord863,line13_ord863_p0,20.11020836,-99.30869114,0.2727961693899108
rec_5523,2025-10-27T00:00:00Z,line1_ord3359,line1_ord3359_p0,19.94794369,-99.28552213,0.2720181796291758
rec_20633,2025-10-25T00:00:00Z,line74_ord2212,line74_ord2212_p0,16.16660458,-93.8360164,0.2684097293762095
rec_32555,2025-10-27T00:00:00Z,line90_ord3641,line90_ord3641_p0,20.124642,-100.8543769,0.2682025431475477
rec_39849,2025-10-25T00:00:00Z,line143_ord45,line143_ord45_p0,19.08220864,-98.25694394,0.2731875275355033
rec_22313,2025-10-25T00:00:00Z,line88_ord12496,line88_ord12496_p0,19.80858075,-100.999034,0.2715397412043513
rec_18809,2025-10-25T00:00:00Z,line44_ord17267,line44_ord17267_p0,20.40527081,-90.03997814,0.2717352378519048
rec_15366,2025-10-30T00:00:00Z,line136_ord6178,line136_ord6178_p0,32.40374385,-115.2408285,0.2689705548731082
rec_18923,2025-10-27T00:00:00Z,line1_ord8570,line1_ord8570_p0,26.10533046,-103.7256411,0.273956084240496
rec_21552,2025-11-01T00:00:00Z,line155_ord220,line155_ord220_p0,18.1267687,-94.55094917,0.2702437961551703
rec_29794,2025-10-26T00:00:00Z,line88_ord6900,line88_ord6900_p0,19.34124912,-101.9254526,0.268425550584087
rec_14433,2025-10-25T00:00:00Z,line44_ord17093,line44_ord17093_p0,17.55789743,-92.85260112,0.2684307912231372
rec_8103,2025-10-31T00:00:00Z,line82_ord9287,line82_ord9287_p0,23.44069361,-98.83515731,0.2708919424225467
rec_34966,2025-10-30T00:00:00Z,line44_ord21329,line44_ord21329_p0,18.18008485,-91.05392511,0.2696983360030986
rec_24916,2025-10-28T00:00:00Z,line88_ord5767,line88_ord5767_p0,19.37142888,-99.69616968,0.2680254935445504
rec_20754,2025-10-26T00:00:00Z,line65_ord9743,line65_ord9743_p0,20.44433157,-103.1912167,0.2682985582163056
rec_17890,2025-10-26T00:00:00Z,line119_ord10897,line119_ord10897_p0,28.49449212,-110.6825012,0.2723698512070714
rec_28898,2025-10-26T00:00:00Z,line33_ord18505,line33_ord18505_p0,23.74722953,-102.9087327,0.2697221092028468
rec_20797,2025-10-29T00:00:00Z,line114_ord15841,line114_ord15841_p0,19.00721849,-97.55196221,0.268094094715646
rec_1924,2025-10-28T00:00:00Z,line1_ord229,line1_ord229_p0,31.65450436,-106.4483336,0.2736090431941305
rec_23172,2025-10-28T00:00:00Z,line61_ord1956,line61_ord1956_p0,19.99495311,-98.71782731,0.2688167826587225
rec_30109,2025-10-29T00:00:00Z,line76_ord1009,line76_ord1009_p0,22.23201007,-97.83919898,0.2698273831491126
rec_32525,2025-10-29T00:00:00Z,line104_ord10034,line104_ord10034_p0,28.37554679,-100.8032751,0.2685467253173441
rec_33819,2025-10-27T00:00:00Z,line119_ord2014,line119_ord2014_p0,22.87938377,-105.8525175,0.2699917827824287
rec_27680,2025-11-01T00:00:00Z,line1_ord728,line1_ord728_p0,20.59088422,-101.2251012,0.2708636025636361
rec_32372,2025-10-28T00:00:00Z,line65_ord432,line65_ord432_p0,20.68602379,-101.3643485,0.2706364184109477
rec_14997,2025-10-29T00:00:00Z,line88_ord13684,line88_ord13684_p0,19.77664261,-101.0234821,0.2696440615970091
rec_10092,2025-10-28T00:00:00Z,line13_ord8221,line13_ord8221_p0,25.22332563,-101.0854089,0.2743571773703507
rec_14992,2025-11-01T00:00:00Z,line19_ord4004,line19_ord4004_p0,25.79462481,-100.4977669,0.2689706138037535
rec_18469,2025-10-29T00:00:00Z,line74_ord1992,line74_ord1992_p0,15.83840704,-93.45386786,0.2687112348367002
rec_6050,2025-10-26T00:00:00Z,line1_ord35565,line1_ord35565_p0,23.23967414,-102.7963985,0.2681744972097984
rec_3836,2025-10-28T00:00:00Z,line120_ord10026,line120_ord10026_p0,31.29340797,-110.4278457,0.2731763586461918
rec_11402,2025-10-26T00:00:00Z,line13_ord2701,line13_ord2701_p0,22.63916028,-101.0160121,0.270539863999221
rec_24022,2025-10-30T00:00:00Z,line114_ord1641,line114_ord1641_p0,19.56408654,-99.03576965,0.2699781595554006
rec_12294,2025-10-30T00:00:00Z,line136_ord25060,line136_ord25060_p0,30.16938843,-111.1128043,0.2699496132777537
rec_21608,2025-11-01T00:00:00Z,line83_ord25103,line83_ord25103_p0,22.07916591,-98.81346954,0.2698793677790494
rec_5172,2025-10-28T00:00:00Z,line13_ord9524,line13_ord9524_p0,25.2786569,-101.0917237,0.2726156411909065
rec_37770,2025-10-26T00:00:00Z,line33_ord6284,line33_ord6284_p0,23.9215909,-104.1426577,0.2697016361727088
rec_20971,2025-10-27T00:00:00Z,line74_ord9428,line74_ord9428_p0,15.94260147,-93.64051103,0.269413103837757
rec_38236,2025-10-28T00:00:00Z,line143_ord2120,line143_ord2120_p0,19.18675454,-98.34058838,0.2696883797528501
rec_9767,2025-10-31T00:00:00Z,line136_ord12099,line136_ord12099_p0,31.9077687,-114.6813259,0.2703179073550474
rec_33306,2025-10-26T00:00:00Z,line139_ord15868,line139_ord15868_p0,19.64175832,-97.05819267,0.270292566469395
rec_34938,2025-10-26T00:00:00Z,line76_ord9647,line76_ord9647_p0,22.42464201,-100.6605223,0.2692902988715203
rec_12962,2025-10-26T00:00:00Z,line26_ord454,line26_ord454_p0,19.44495828,-99.18393253,0.2685321468850116
rec_34836,2025-10-28T00:00:00Z,line119_ord5709,line119_ord5709_p0,24.56715091,-107.3685617,0.2711175036286664
rec_1242,2025-10-26T00:00:00Z,line114_ord50,line114_ord50_p0,18.92233693,-96.76224368,0.2742688217047727
rec_22995,2025-10-27T00:00:00Z,line119_ord2810,line119_ord2810_p0,23.07671974,-106.1409792,0.2699772938374846
rec_21530,2025-10-26T00:00:00Z,line1_ord43910,line1_ord43910_p0,24.99539735,-103.0371197,0.2739370968280937
rec_4712,2025-11-01T00:00:00Z,line38_ord4310,line38_ord4310_p0,18.01275022,-97.07899706,0.2732539564202697
rec_420,2025-10-28T00:00:00Z,line121_ord0,line121_ord0_p0,31.07491532,-110.1756677,0.2736306837250005
rec_28477,2025-10-29T00:00:00Z,line82_ord6571,line82_ord6571_p0,23.3269848,-98.80008625,0.2715460019177176
rec_733,2025-10-29T00:00:00Z,line148_ord0,line148_ord0_p0,19.12099175,-98.78275285,0.2705296124347829
rec_24230,2025-10-30T00:00:00Z,line1_ord57842,line1_ord57842_p0,30.91218881,-106.4699291,0.2706632956238313
rec_38134,2025-10-30T00:00:00Z,line136_ord74047,line136_ord74047_p0,30.84437897,-112.642976,0.2695753388051282
rec_19171,2025-10-27T00:00:00Z,line73_ord4048,line73_ord4048_p0,20.49322433,-100.1071088,0.2700214397756022
rec_39172,2025-10-28T00:00:00Z,line136_ord61161,line136_ord61161_p0,31.14875822,-113.0109944,0.267844994262688
rec_4146,2025-10-26T00:00:00Z,line103_ord2021,line103_ord2021_p0,31.60927217,-106.4733564,0.2693662684728163
rec_34699,2025-10-27T00:00:00Z,line26_ord1907,line26_ord1907_p0,18.6480123,-99.2980047,0.2714137884965886
rec_28237,2025-10-29T00:00:00Z,line120_ord11802,line120_ord11802_p0,31.32014928,-109.9406378,0.2686160409962091
rec_5684,2025-10-28T00:00:00Z,line119_ord2686,line119_ord2686_p0,23.6287066,-106.7469157,0.2683584463370398
rec_10126,2025-10-30T00:00:00Z,line102_ord6890,line102_ord6890_p0,26.80283872,-108.4250916,0.2740725014594921
rec_26897,2025-10-25T00:00:00Z,line78_ord13916,line78_ord13916_p0,22.86167769,-101.1938123,0.2711410577772589
rec_12488,2025-11-01T00:00:00Z,line120_ord13249,line120_ord13249_p0,31.15838125,-110.6195992,0.2739719452844322
rec_30105,2025-10-25T00:00:00Z,line76_ord1009,line76_ord1009_p0,22.23201007,-97.83919898,0.2736634899168194
rec_36501,2025-10-29T00:00:00Z,line76_ord21078,line76_ord21078_p0,22.41138939,-100.2752718,0.267994707274302
rec_7792,2025-11-01T00:00:00Z,line22_ord1845,line22_ord1845_p0,27.47063989,-99.55085741,0.2727034320848837
rec_37000,2025-11-01T00:00:00Z,line104_ord2208,line104_ord2208_p0,25.86463866,-100.9719458,0.267865650986511
rec_33808,2025-11-01T00:00:00Z,line59_ord4864,line59_ord4864_p0,20.02355919,-98.7535409,0.2685035835747508
rec_16815,2025-10-31T00:00:00Z,line119_ord11191,line119_ord11191_p0,27.72319105,-110.3823131,0.2730448969539823
rec_18564,2025-10-28T00:00:00Z,line102_ord2214,line102_ord2214_p0,27.47123608,-107.9401777,0.2706807206342774
rec_38255,2025-10-31T00:00:00Z,line13_ord5403,line13_ord5403_p0,24.12490929,-100.8974767,0.2691258496835326
rec_11311,2025-10-31T00:00:00Z,line1_ord4356,line1_ord4356_p0,26.84130328,-104.5142203,0.2742176604317875
rec_13522,2025-10-26T00:00:00Z,line91_ord233,line91_ord233_p0,19.42393226,-102.0208009,0.2691182444921823
